<?xml version="1.0" encoding="utf-8"?>
<dleplugin>
	<name>Emoticon</name>
	<description></description>
	<icon></icon>
	<version></version>
	<dleversion>13</dleversion>
	<versioncompare>greater</versioncompare>
	<upgradeurl></upgradeurl>
	<filedelete>1</filedelete>
	<needplugin></needplugin>
	<mnotice>0</mnotice>
	<mysqlinstall><![CDATA[CREATE TABLE IF NOT EXISTS {prefix}_post_emoticon (
  `id` int(11) NOT NULL AUTO_INCREMENT,
  `news_id` int(11) NOT NULL Default '0',
  `emoticon_id` TINYINT(1) NOT NULL Default '0',
  `name` varchar(40),
  PRIMARY KEY (`id`),
  KEY `news_id` (`news_id`),
  KEY `emoticon_id` (`emoticon_id`),
  KEY `name` (`name`)
) ENGINE={engine} DEFAULT CHARACTER SET {charset} COLLATE {charset}_general_ci;

CREATE TABLE IF NOT EXISTS {prefix}_post_emoticon_search (
  `id` int(11) NOT NULL AUTO_INCREMENT,
  `news_id` int(11) NOT NULL Default '0',
  `emoticon_ids` text NOT NULL,
  PRIMARY KEY (`id`),
  KEY `news_id` (`news_id`)
) ENGINE={engine} DEFAULT CHARACTER SET {charset} COLLATE {charset}_general_ci;

CREATE TABLE IF NOT EXISTS {prefix}_emoticon_list (
  `id` int(11) NOT NULL AUTO_INCREMENT,
  `name` varchar(255) NOT NULL Default '',
  `icon` varchar(255) NOT NULL Default '',
  `category` text NOT NULL,
  PRIMARY KEY (`id`),
  KEY `name` (`name`),
  KEY `icon` (`icon`)
) ENGINE={engine} DEFAULT CHARACTER SET {charset} COLLATE {charset}_general_ci;

INSERT INTO `{prefix}_admin_sections` (`name`, `title`, `descr`, `icon`, `allow_groups`) VALUES ('emoticon', 'Emoticon', '', '', '1');]]></mysqlinstall>
	<mysqlupgrade><![CDATA[]]></mysqlupgrade>
	<mysqlenable><![CDATA[]]></mysqlenable>
	<mysqldisable><![CDATA[]]></mysqldisable>
	<mysqldelete><![CDATA[DROP TABLE IF EXISTS {prefix}_post_emoticon;
DROP TABLE IF EXISTS {prefix}_post_emoticon_search;
DROP TABLE IF EXISTS {prefix}_emoticon_list;
DELETE FROM `{prefix}_admin_sections` WHERE name = 'emoticon';]]></mysqldelete>
	<phpinstall><![CDATA[]]></phpinstall>
	<phpupgrade><![CDATA[]]></phpupgrade>
	<phpenable><![CDATA[]]></phpenable>
	<phpdisable><![CDATA[]]></phpdisable>
	<phpdelete><![CDATA[]]></phpdelete>
	<notice><![CDATA[]]></notice>
	<file name="engine/ajax/emoticon.php">
		<operation action="create">
			<replacecode><![CDATA[<?php
if(!defined('DATALIFEENGINE')) {
	header( "HTTP/1.1 403 Forbidden" );
	header ( 'Location: ../../' );
	die( "Hacking attempt!" );
}

if( !$is_logged ) die( "error" );

if ( file_exists( ENGINE_DIR . '/data/emoticon_config.php' ) ) {
   @require_once (ENGINE_DIR . '/data/emoticon_config.php');
} else $emoticon_config = array ();	

$emoticon_id = intval( $_REQUEST['id'] );
$news_id = intval($_REQUEST['news_id']);

if( (!$news_id OR $news_id < 1) AND (!$emoticon_id OR $emoticon_id < 1) ) die( "error" );

if( $_REQUEST['user_hash'] == "" OR $_REQUEST['user_hash'] != $dle_login_hash ) {

	die ("error");
	
}

function get_percent($id) {
	global $db, $emoticon_config;
	
	$row = $db->super_query( "SELECT id, name, emoticon_id FROM " . PREFIX . "_post_emoticon WHERE news_id = '{$id}'", true);
	
	$ids = $db->super_query( "SELECT emoticon_ids FROM " . PREFIX . "_post_emoticon_search WHERE news_id = '{$id}'");
	
	$count = count($row);
	$group_emoticon = array();
	
	foreach( $row as $val ) {
		
		if( $group_emoticon[$val['emoticon_id']] ) $group_emoticon[$val['emoticon_id']]++;
		else $group_emoticon[$val['emoticon_id']] = 1;
		
	}
	
	$return = array();
	$ids_insert = array();
	$upd = false;
	
	foreach( $group_emoticon as $key => $value ) {
		
		$return[$key] = round(($value / $count) * 100);
		
		if( $value >= $emoticon_config['voted_num'] ) {
          
			$upd = true;
          
			if( round(($value / $count) * 100) > $emoticon_config['percent_voted'] ) {

				$ids_insert[] = $key;		
				
			}	
		}
		
	}
	
	if( $upd ) {
		
			$db->query( "DELETE FROM " . PREFIX . "_post_emoticon_search WHERE news_id = '{$id}'" );
			
			if( count($ids_insert) ) {
				
				$ids_tmp = implode(',', $ids_insert);
				
				$db->query( "INSERT INTO " . USERPREFIX . "_post_emoticon_search (news_id, emoticon_ids) values ('{$id}', '{$ids_tmp}')" );			
			
			}
	}

	return $return;
	
}
	
if( $row = $db->super_query( "SELECT id, name FROM " . PREFIX . "_post_emoticon WHERE news_id = '$news_id' AND name = '" . $db->safesql($member_id['name']) . "' AND emoticon_id = '$emoticon_id'" ) ) {
	
  	$db->query( "DELETE FROM " . PREFIX . "_post_emoticon WHERE id = '{$row['id']}'" );

	$buffer = get_percent($news_id);
	
} else {
  
	if( $emoticon_config['limit_voted'] ) {
		
		$row_limit = $db->super_query( "SELECT count(emoticon_id) as cnt FROM " . PREFIX . "_post_emoticon WHERE news_id = '$news_id' AND name = '" . $db->safesql($member_id['name']) . "'" );
	
		if( ($row_limit['cnt'] + 1) > $emoticon_config['limit_voted'] ) die('limit');
		
	}  

  	$db->query( "INSERT INTO " . USERPREFIX . "_post_emoticon (name, news_id, emoticon_id) values ('".$db->safesql($member_id['name'])."', '{$news_id}', '{$emoticon_id}')" );

	$buffer = get_percent($news_id);

}

if( $emoticon_config['cache'] ) @unlink( ENGINE_DIR . "/cache/emoticon/stats_" . $news_id . ".php" );

$db->close();

echo json_encode($buffer);
?>]]></replacecode>
		</operation>
	</file>
	<file name="engine/init.php">
		<operation action="after">
			<searchcode><![CDATA[if( $config['start_site'] == 3 AND !$_SERVER['QUERY_STRING'] AND !$_POST['do']) {
	$dle_module = "main";
}]]></searchcode>
			<replacecode><![CDATA[$emoticon_list = get_vars ( "emoticon_list" );

if (!is_array ( $emoticon_list )) {
	$emoticon_list = array ();

	$db->query ( "SELECT * FROM " . PREFIX . "_emoticon_list ORDER BY id ASC" );
	while ( $row = $db->get_row () ) {

		$emoticon_list[$row['id']] = array (
          'id' => $row['id'], 
          'name' => $row['name'], 
          'icon' => $row['icon'],
          'category' => $row['category']
        );

	}
	set_vars ( "emoticon_list", $emoticon_list );
	$db->free ();
}]]></replacecode>
		</operation>
	</file>
	<file name="engine/modules/functions.php">
		<operation action="before">
			<searchcode><![CDATA[function dle_session( $sid = false ) {]]></searchcode>
			<replacecode><![CDATA[function emoticon_set_vars($file, $data) {
	
	$file = totranslit($file, true, false);
	
	if ( is_array($data) OR is_int($data) ) {

		file_put_contents (ENGINE_DIR . '/cache/emoticon/' . $file . '.php', json_encode( $data, JSON_UNESCAPED_UNICODE | JSON_UNESCAPED_SLASHES ), LOCK_EX);
		@chmod( ENGINE_DIR . '/cache/emoticon/' . $file . '.php', 0666 );
		
	}
}

function emoticon_get_vars($file) {
	$file = totranslit($file, true, false);

	$data = @file_get_contents( ENGINE_DIR . '/cache/emoticon/' . $file . '.php' );

	if ( $data !== false ) {

		$data = json_decode( $data, true );
		if ( is_array($data) OR is_int($data) ) return $data;

	} 

	return false;	
}

function emoticon_list($matches=array()) {
	global $db, $config, $emoticon_list, $row, $member_id;

    $param_str = trim($matches[1]);
  
	if ( file_exists( ENGINE_DIR . '/data/emoticon_config.php' ) ) {
	   @require_once (ENGINE_DIR . '/data/emoticon_config.php');
	} else $emoticon_config = array ();	  
      
	$tpl = new dle_template();
	$tpl->dir = TEMPLATE_DIR;
	$root = $config['http_home_url'];
	
	if (strpos($root, "//") === 0) {
		$root = isSSL() ? $root = "https:".$root : $root = "http:".$root;
	} elseif (strpos($root, "/") === 0) {
		$root = isSSL() ? $root = "https://".$_SERVER['HTTP_HOST'].$root : "http://".$_SERVER['HTTP_HOST'].$root;
	}
  
	$emoticon_post = emoticon_get_vars ( "stats_" . $row['id'] );

	if (!is_array( $emoticon_post )) {

		$emoticon_post = $db->super_query( "SELECT id, name, emoticon_id FROM " . PREFIX . "_post_emoticon WHERE news_id = '{$row['id']}'", true);
			
		if( $emoticon_config['cache'] ) emoticon_set_vars ( "stats_" . $row['id'], $emoticon_post );

	}
	
	$count = count($emoticon_post);
	$group_emoticon = array();
	$owner_name = array();
  
	foreach( $emoticon_post as $val ) {
		
      	if( $val['name'] == $member_id['name'] ) $owner_name[] = $val['emoticon_id'];	
      
		if( $group_emoticon[$val['emoticon_id']] ) $group_emoticon[$val['emoticon_id']]++;
		else $group_emoticon[$val['emoticon_id']] = 1;
		
	}
	
	$return_percent = array();
	
	foreach( $emoticon_list as $key => $value ) {
		
		if( $value['category'] ) {
			
			$c_tmp = explode(',',$value['category']);
			
			if( preg_match('/'.implode('|',$c_tmp).'/is',$row['category']) ) $return_percent[$key] = $group_emoticon[$key] ? round(($group_emoticon[$key] / $count) * 100) : 0;
			
		} else $return_percent[$key] = $group_emoticon[$key] ? round(($group_emoticon[$key] / $count) * 100) : 0;
		
	}    
      
	if( !$emoticon_list ) $result = "Нету";
    else {
			
	$tpl->load_template( 'emoticon_fullstory.tpl' );
	
	$tpl->set( '{news-id}', $row['id'] );
      
	if (stripos ( $tpl->copy_template, "[list" ) !== false ) {
	
		if( preg_match("#\\[list([^\]]*)\\](.+?)\\[/list\\]#is",$tpl->copy_template,$matches) ) {
		
			if(preg_match("#limit=['\"](\d+)['\"]#i",$matches[1],$lm)) $lm = intval($lm[1]);
			
			if( $lm ) {
					
				$tpl->set( '[hide]', "" );
				$tpl->set( '[/hide]', "" );
					
			} else $tpl->set_block( "'\\[hide\\](.*?)\\[/hide\\]'si", "" );          
          
			$list = array();
			$i = 0;
          
          	if( $emoticon_config['order_percent'] ) arsort($return_percent);
          	
			foreach( $return_percent as $key => $val ) {
				
				$val = $emoticon_list[$key];
				
				$temp = $matches[2];
				$temp = str_ireplace("{name}" ,$val['name'], $temp);

              	if( preg_match('/jpg|jpeg|png/is', $val['icon']) ) {
				
                  	$icon = "<img src=\"{$config['http_home_url']}uploads/emoticon/" . totranslit($val['icon']) . "\" />";
				
                } else $icon = "<span style=\"width: 50px;font-size: 30px;line-height: 50px;text-align: center;border-radius: 50%;display: block;\">" . $val['icon'] . "</span>";
              
				$temp = str_ireplace("{icon}", $icon, $temp);
				$temp = str_ireplace("{id}", $key, $temp);
				$temp = str_ireplace("{percent}", ($return_percent[$key] ? $return_percent[$key]: 0) , $temp);
         
				if( in_array($key, $owner_name) ) {
					
					$temp = str_ireplace("[owner]", "",$temp);
					$temp = str_ireplace("[/owner]", "",$temp);
					
				} else $temp = preg_replace("/\[owner\](.*?)\[\/owner\]/is", "", $temp);              
              
				if( $i >= $lm ) {
					
					$temp = str_ireplace("[hide]", "",$temp);
					$temp = str_ireplace("[/hide]", "",$temp);
					
				} else $temp = preg_replace("/\[hide\](.*?)\[\/hide\]/is", "", $temp);
				
				$list[] = $temp;
				$i++;
			}			
				
		}

	}
	
	if ( $matches[0] ) $tpl->copy_template = str_replace($matches[0], implode($list), $tpl->copy_template);

	$tpl->compile( 'emoticon_list' );
	
	$result = $tpl->result['emoticon_list'];
	$tpl->clear();	
		
	}
	
	return $result;

}

function get_breadcrumb_emoticon($id, $separator="&raquo;", $last_link = true) {
	
	global $emoticon_list, $config, $PHP_SELF;
	
	if( !$id ) return;
	
	if( strpos( $id, "," ) !== false ) {
		
		$ids_tmp = explode(',', $id);
		$end = count($ids_tmp);
		$i = 1;
		$breadcrumb = array();	
		foreach ( $ids_tmp as $val ) {
			
			if( $i == $end ) $separator = "";
			
			if ($last_link)	{
				
				//if( $config['allow_alt_url'] ) $breadcrumb[] = "<span itemscope itemtype=\"http://data-vocabulary.org/Breadcrumb\"><a href=\"" . $config['http_home_url'] . get_url( $val ) . "/\" itemprop=\"url\"><span itemprop=\"title\">{$emoticon_list[$val]['name']}</span></a></span>".$separator;
				//else $breadcrumb[] = "<span itemscope itemtype=\"http://data-vocabulary.org/Breadcrumb\"><a href=\"$PHP_SELF?do=emoticon&amp;category={$emoticon_list[$val]['name']}\" itemprop=\"url\"><span itemprop=\"title\">{$emoticon_list[$val]['name']}</span></a></span>".$separator;
				
				if( $config['allow_alt_url'] ) $breadcrumb[] = "<span itemprop=\"title\">{$emoticon_list[$val]['name']}</span>".$separator;
				else $breadcrumb[] = "<span itemprop=\"title\">{$emoticon_list[$val]['name']}</span>".$separator;				
			
			} else {
			
				$breadcrumb[] = $emoticon_list[$val]['name'].$separator;
			
			}	
			$i++;
		}
		
		if( $last_link ) {
			
			if( $config['allow_alt_url'] ) $list = "<span itemscope itemtype=\"http://data-vocabulary.org/Breadcrumb\"><a href=\"" . $config['http_home_url'] . "emoticon\/{$id}" . "/\" itemprop=\"url\">" . implode($breadcrumb) . "</a></span>";
			else $list = "<span itemscope itemtype=\"http://data-vocabulary.org/Breadcrumb\"><a href=\"$PHP_SELF?do=emoticon&amp;emoticon_ids={$id}\" itemprop=\"url\">" . implode($breadcrumb) . "</a></span>";		

		} else $list = implode($breadcrumb);
			
	} else {
		
		
		if ($last_link)	{
			
		if( $config['allow_alt_url'] ) $list = "<span itemscope itemtype=\"http://data-vocabulary.org/Breadcrumb\"><a href=\"" . $config['http_home_url'] . "emoticon\/{$id}" . "/\" itemprop=\"url\"><span itemprop=\"title\">{$emoticon_list[$id]['name']}</span></a></span>";
		else $list = "<span itemscope itemtype=\"http://data-vocabulary.org/Breadcrumb\"><a href=\"$PHP_SELF?do=emoticon&amp;emoticon_ids={$id}\" itemprop=\"url\"><span itemprop=\"title\">{$emoticon_list[$id]['name']}</span></a></span>";
			
		} else {
			
			$list = $emoticon_list[$id]['name'];
			
		}		
		
	}

	
	return $list;
}]]></replacecode>
		</operation>
	</file>
	<file name="engine/modules/show.full.php">
		<operation action="before">
			<searchcode><![CDATA[		$tpl->compile( 'content' );]]></searchcode>
			<replacecode><![CDATA[$tpl->copy_template = preg_replace_callback( "#\\{emoticon-list\\}#i", "emoticon_list", $tpl->copy_template );]]></replacecode>
		</operation>
	</file>
	<file name="engine/engine.php">
		<operation action="after">
			<searchcode><![CDATA[switch ( $do ) {]]></searchcode>
			<replacecode><![CDATA[	case "emoticon" :
		
		include (DLEPlugins::Check(ENGINE_DIR . '/modules/emoticon.php'));
		break;]]></replacecode>
		</operation>
		<operation action="after">
			<searchcode><![CDATA[elseif ($do == 'pm') $nam_e = $lang['title_pm'];]]></searchcode>
			<replacecode><![CDATA[elseif ($do == 'emoticon') $nam_e = $emoticon_config['speedbar_title'] ? $emoticon_config['speedbar_title'] : 'Подборки';]]></replacecode>
		</operation>
		<operation action="replace">
			<searchcode><![CDATA[} elseif ($do == 'tags') {]]></searchcode>
			<replacecode><![CDATA[} elseif($do == 'emoticon') {

	if( (isset($_GET['cstart']) AND intval($_GET['cstart']) > 1) ) {
		$last_link = true;
	} else $last_link = false;
	$emoticon_config['speedbar_separator'] = ( $emoticon_config['speedbar_separator'] ? $emoticon_config['speedbar_separator'] : $config['speedbar_separator']);	
	if(!isset($_GET['emoticon_ids'])) $s_navigation .= " {$config['speedbar_separator']} " . $nam_e;
	else {
		$s_navigation .= " {$config['speedbar_separator']} <span itemscope itemtype=\"http://data-vocabulary.org/Breadcrumb\"><a href=\"?do=emoticon\" itemprop=\"url\"><span itemprop=\"title\">{$nam_e}</span></a></span>";
		$s_navigation .= " {$config['speedbar_separator']} " . get_breadcrumb_emoticon ( $_GET['emoticon_ids'], " {$emoticon_config['speedbar_separator']} ", $last_link );
	}
  
} elseif ($do == 'tags') {]]></replacecode>
		</operation>
		<operation action="before">
			<searchcode><![CDATA[$s_navigation .= " {$config['speedbar_separator']} " . get_breadcrumbcategories ( intval($category_id), $config['speedbar_separator'], $last_link );]]></searchcode>
			<replacecode><![CDATA[if($do == 'emoticon') {
			
	if(!isset($_GET['emoticon_ids'])) $s_navigation .= " {$config['speedbar_separator']} <span itemscope itemtype=\"http://data-vocabulary.org/Breadcrumb\"><a href=\"?do=emoticon\" itemprop=\"url\"><span itemprop=\"title\">{$nam_e}</span></a></span>";
	else {
		$s_navigation .= " {$config['speedbar_separator']} <span itemscope itemtype=\"http://data-vocabulary.org/Breadcrumb\"><a href=\"?do=emoticon\" itemprop=\"url\"><span itemprop=\"title\">{$nam_e}</span></a></span>";
		$emoticon_config['speedbar_separator'] = ( $emoticon_config['speedbar_separator'] ? $emoticon_config['speedbar_separator'] : $config['speedbar_separator']);	
		$s_navigation .= " {$config['speedbar_separator']} " . get_breadcrumb_emoticon ( $_GET['emoticon_ids'], " {$emoticon_config['speedbar_separator']} ", true );
	}
}]]></replacecode>
		</operation>
	</file>
</dleplugin>