<?xml version="1.0" encoding="utf-8"?>
<dleplugin>
	<name>Series Pages</name>
	<description>Создание страниц сезонов и серий.</description>
	<icon></icon>
	<version></version>
	<dleversion></dleversion>
	<versioncompare>less</versioncompare>
	<upgradeurl></upgradeurl>
	<filedelete>0</filedelete>
	<needplugin></needplugin>
	<mnotice>0</mnotice>
	<mysqlinstall><![CDATA[CREATE TABLE IF NOT EXISTS `{prefix}_sp_episodes` (
	`id` INT(10) UNSIGNED NOT NULL AUTO_INCREMENT,
	`news_id` INT(10) UNSIGNED NOT NULL DEFAULT 0,
	`season_num` INT(10) UNSIGNED NOT NULL DEFAULT 0,
	`episode_num` INT(10) UNSIGNED NOT NULL DEFAULT 0,
	`metatitle` VARCHAR(255) NOT NULL COLLATE 'utf8mb4_unicode_ci',
	`description` VARCHAR(300) NOT NULL COLLATE 'utf8mb4_unicode_ci',
	`keywords` TEXT NOT NULL COLLATE 'utf8mb4_unicode_ci',
	`fields` MEDIUMTEXT NOT NULL COLLATE 'utf8mb4_unicode_ci',
    `added_at` INT(10) UNSIGNED NOT NULL DEFAULT 0,
	`flag` INT(11) NOT NULL DEFAULT 0,
	PRIMARY KEY (`id`),
	UNIQUE INDEX `news_id_season_id_episode_id` (`news_id`, `season_num`, `episode_num`)
) COLLATE='utf8mb4_unicode_ci' ENGINE=InnoDB;

CREATE TABLE IF NOT EXISTS `{prefix}_sp_seasons` (
	`id` INT(10) UNSIGNED NOT NULL AUTO_INCREMENT,
	`news_id` INT(10) UNSIGNED NOT NULL DEFAULT 0,
	`season_num` INT(10) UNSIGNED NOT NULL DEFAULT 0,
	`metatitle` VARCHAR(255) NOT NULL COLLATE 'utf8mb4_unicode_ci',
	`description` VARCHAR(300) NOT NULL COLLATE 'utf8mb4_unicode_ci',
	`keywords` TEXT NOT NULL COLLATE 'utf8mb4_unicode_ci',
	`fields` MEDIUMTEXT NOT NULL COLLATE 'utf8mb4_unicode_ci',
    `added_at` INT(10) UNSIGNED NOT NULL DEFAULT 0,
	`flag` INT(11) NOT NULL DEFAULT 0,
	PRIMARY KEY (`id`),
	UNIQUE INDEX `news_id_season_id` (`news_id`, `season_num`)
) COLLATE='utf8mb4_unicode_ci' ENGINE=InnoDB;]]></mysqlinstall>
	<mysqlupgrade><![CDATA[]]></mysqlupgrade>
	<mysqlenable><![CDATA[INSERT IGNORE INTO `{prefix}_admin_sections` (`name`, `title`, `descr`, `icon`, `allow_groups`) VALUES ('seriespages', 'Series Pages', 'Сезоны/серии', '', '1');]]></mysqlenable>
	<mysqldisable><![CDATA[DELETE FROM `{prefix}_admin_sections` WHERE `name` = 'seriespages';]]></mysqldisable>
	<mysqldelete><![CDATA[DELETE FROM `{prefix}_admin_sections` WHERE `name` = 'seriespages';]]></mysqldelete>
	<phpinstall><![CDATA[]]></phpinstall>
	<phpupgrade><![CDATA[]]></phpupgrade>
	<phpenable><![CDATA[]]></phpenable>
	<phpdisable><![CDATA[]]></phpdisable>
	<phpdelete><![CDATA[]]></phpdelete>
	<notice><![CDATA[]]></notice>
	<file name="engine/inc/addnews.php">
		<operation action="after">
			<searchcode><![CDATA[$categories_list = CategoryNewsSelection( 0, 0 );]]></searchcode>
			<replacecode><![CDATA[include (DLEPlugins::Check(ENGINE_DIR . '/inc/include/seriespages.init.php'));]]></replacecode>
		</operation>
		<operation action="before">
			<searchcode><![CDATA[msg( "success", $lang['addnews_ok'], $lang['addnews_ok_1'] . " \"" . stripslashes( stripslashes( $title ) ) . "\" " . $lang['addnews_ok_2'], array('?mod=addnews&action=addnews' => $lang['add_s_1'], '?mod=editnews&action=editnews&id='.$id => $lang['add_s_2'], '?mod=editnews&action=list' => $lang['add_s_3'], $full_link => $lang['add_s_5'] ) );]]></searchcode>
			<replacecode><![CDATA[include (DLEPlugins::Check(ENGINE_DIR . '/inc/include/seriespages.save.php'));]]></replacecode>
		</operation>
	</file>
	<file name="engine/inc/editnews.php">
		<operation action="after">
			<searchcode><![CDATA[$categories_list = CategoryNewsSelection( $cat_list, 0 );]]></searchcode>
			<replacecode><![CDATA[include (DLEPlugins::Check(ENGINE_DIR . '/inc/include/seriespages.init.php'));]]></replacecode>
		</operation>
		<operation action="before">
			<searchcode><![CDATA[msg( "success", $lang['edit_alleok'], $lang['edit_alleok_1'], array( $_SESSION['admin_referrer'] => $lang['add_s_3'], '?mod=editnews&action=editnews&id='.$item_db[0] => $lang['add_s_4'], $full_link => $lang['add_s_5'] ) );]]></searchcode>
			<replacecode><![CDATA[include (DLEPlugins::Check(ENGINE_DIR . '/inc/include/seriespages.save.php'));]]></replacecode>
		</operation>
	</file>
	<file name="engine/modules/show.full.php">
		<operation action="after">
			<searchcode><![CDATA[define( 'NEWS_ID', $row['id'] );]]></searchcode>
			<replacecode><![CDATA[include (DLEPlugins::Check(ENGINE_DIR . '/data/seriespages.php'));
require_once (DLEPlugins::Check(ENGINE_DIR . '/classes/seriespages.class.php'));

$seriespages = new SeriesPages($seriespages_cfg, $config, $tpl, $db);]]></replacecode>
		</operation>
		<operation action="after">
			<searchcode><![CDATA[if( $view_template == "print" ) $tpl->load_template( 'print.tpl' );]]></searchcode>
			<replacecode><![CDATA[elseif( $seriespages->mode == 'season' || $seriespages->mode == 'episode' ) $tpl->load_template( 'seriespages/' . $seriespages->mode . '.tpl' );]]></replacecode>
		</operation>
		<operation action="after">
			<searchcode><![CDATA[$tpl->set( '', $news_find );]]></searchcode>
			<replacecode><![CDATA[$seriespages->run($row['id']);
$seriespages_speedbar = $seriespages->speedbar();]]></replacecode>
		</operation>
		<operation action="before">
			<searchcode><![CDATA[unset($all_xf_content);]]></searchcode>
			<replacecode><![CDATA[$seriespages->metatags($row);
unset($seriespages);]]></replacecode>
		</operation>
	</file>
	<file name="engine/engine.php">
		<operation action="replace">
			<searchcode><![CDATA[$s_navigation .= " {$config['speedbar_separator']} " . $titl_e;]]></searchcode>
			<replacecode><![CDATA[if ( !empty($seriespages_speedbar) ) {
    $s_nav_count = substr_count($s_navigation, 'itemprop="itemListElement"');

    $seriespages_speedbar = str_replace(['{pos1}', '{pos2}', '{title}'], [$s_nav_count+1, $s_nav_count+2, $titl_e], $seriespages_speedbar);

    $s_navigation .= $seriespages_speedbar;
} else {
    $s_navigation .= " {$config['speedbar_separator']} " . $titl_e;
}]]></replacecode>
		</operation>
	</file>
	<file name="engine/inc/include/seriespages.init.php">
		<operation action="create">
			<replacecode><![CDATA[<?php

if ( !defined('DATALIFEENGINE') ) {
	header('HTTP/1.1 403 Forbidden');
	header('Location: ../');
	die('Hacking attempt!');
}

function get_fields_box($type, $season = false, $episode = false, $datafields = '') {
	global $seriespages_cfg;

	if ( $season && $episode ) {
		$prefix = '[' . $season . '][episodes][' . $episode . ']';
		$id = $season . '_' . $episode;
	} elseif ( $season ) {
		$prefix = '[' . $season . ']';
		$id = $season;
	} else {
		$prefix = ($type == 'season') ? '[{num}]' : '[{snum}][episodes][{num}]';
		$id = ($type == 'season') ? '{num}' : '{snum}_{num}';
	}

	$datafields = xfieldsdataload(stripslashes($datafields));

	$buffer = '';

	foreach ($seriespages_cfg['fields'][$type] as $name => $field) {
		$value = (!empty($datafields[$name])) ? $datafields[$name] : '';

		$fid = "sp_{$type}_{$name}_field_{$id}";

		switch ($field[3]) {
			case 'text':
				$buffer .= <<<HTML
<div class="sp-item-field">
	<label>{$field[1]}</label>
	<input type="text" name="seriespages{$prefix}[fields][{$name}]" class="form-control" id="{$fid}" value="{$value}">
</div>
HTML;
				break;

			case 'textarea':
				$buffer .= <<<HTML
<div class="sp-item-field">
	<label>{$field[1]}</label>
	<textarea name="seriespages{$prefix}[fields][{$name}]" class="form-control" id="{$fid}" style="height: 100px;">{$value}</textarea>
</div>
HTML;

				break;

			case 'image':
				$thumb = '0';

				if ( $value ) {
					if ( file_exists(ROOT_DIR . '/uploads/posts/' . str_replace('/', '/thumbs/', $value)) ) {
						$thumb = '1';
					}
				}

				$make_watermark = $field[11] ? '1' : '0';
				$make_thumb = $field[12] ? '1' : '0';
				$thumb_size = intval($field[13]);
				$thumb_seite = intval($field['13_seite']);

				$buffer .= <<<HTML
<div class="sp-item-field">
	<label>{$field[1]}</label>
	<div id="{$fid}_upload"></div>
	<input type="hidden" name="seriespages{$prefix}[fields][{$name}]" value="{$value}" data-thumb="{$thumb}" data-make_watermark="{$make_watermark}" data-make_thumb="{$make_thumb}" data-thumb_size="{$thumb_size}" data-thumb_seite="{$thumb_seite}" id="{$fid}" class="sp_uploader_start" />
</div>
HTML;

				break;
			
			default:
				# code...
				break;
		}
	}

	return $buffer;
}

include (DLEPlugins::Check(ENGINE_DIR . '/data/seriespages.php'));

$news_id = $id;
$author = $member_id['name'];

$start_box = <<<HTML
<div class="sp-head sp-head-main">
	<div class="sp-head-title">Сезоны</div>
	<div class="sp-head-actions">
		<a href="#" class="sp-head-btn sp-season-add"><i class="fa fa-plus"></i></a>
	</div>
</div>

<div class="sp-seasons">
	{list}
</div>
HTML;

$season_item = <<<HTML
<div class="sp-item">
	<div class="sp-head sp-head-item">
		<div class="sp-head-switch"></div>
		<div class="sp-head-title">{num} сезон</div>
		<div class="sp-head-actions">
			<a href="#" class="sp-head-btn sp-season-remove position-left" title="Удалить сезон"><i class="fa fa-trash-o text-danger"></i></a>
			<a href="#" class="sp-head-btn sp-series-add" data-snum="{num}" title="Добавить серию"><i class="fa fa-plus"></i></a>			
		</div>
	</div>

	<div class="sp-item-content">
		<div class="sp-item-tabs-wrap sp-item-fields">
			<ul class="sp-item-tabs">
				<li class="active">Серии</li>
				<li>Поля</li>
				<li>Метатеги</li>
			</ul>

			<div class="sp-item-tabs-box visible sp-series">
				{list}
			</div>

			<div class="sp-item-tabs-box">
				{fields}
			</div>

			<div class="sp-item-tabs-box">
				<div class="sp-item-field">
					<label>Метатег title</label>
					<input type="text" name="seriespages[{num}][metatitle]" value="{metatitle}" class="form-control">
				</div>

				<div class="sp-item-field">
					<label>Метатег description</label>
					<input type="text" name="seriespages[{num}][description]" value="{description}" class="form-control">
				</div>

				<div class="sp-item-field">
					<label>Метатег keywords</label>
					<input type="text" name="seriespages[{num}][keywords]" value="{keywords}" class="form-control">
				</div>
			</div>
		</div>
	</div>
</div>
HTML;

$episode_item = <<<HTML
<div class="sp-item">
	<div class="sp-head sp-head-item">
		<div class="sp-head-switch"></div>
		<div class="sp-head-title">{num} серия</div>
		<div class="sp-head-actions">
			<a href="#" class="sp-head-btn sp-episode-remove" title="Удалить серию"><i class="fa fa-trash-o text-danger"></i></a>
		</div>
	</div>

	<div class="sp-item-content">
		<div class="sp-item-tabs-wrap sp-item-fields">
			<ul class="sp-item-tabs">
				<li class="active">Поля</li>
				<li>Метатеги</li>
			</ul>

			<div class="sp-item-tabs-box visible">
				{fields}
			</div>

			<div class="sp-item-tabs-box">
				<div class="sp-item-field">
					<label>Метатег title</label>
					<input type="text" name="seriespages[{snum}][episodes][{num}][metatitle]" value="{metatitle}" class="form-control">
				</div>

				<div class="sp-item-field">
					<label>Метатег description</label>
					<input type="text" name="seriespages[{snum}][episodes][{num}][description]" value="{description}" class="form-control">
				</div>

				<div class="sp-item-field">
					<label>Метатег keywords</label>
					<input type="text" name="seriespages[{snum}][episodes][{num}][keywords]" value="{keywords}" class="form-control">
				</div>
			</div>
		</div>
	</div>
</div>
HTML;

$list = '<div class="sp-text-none"><a href="#" class="sp-season-add"><i class="fa fa-plus position-left"></i>Добавить сезон</a></div>';
$text_season = '<div class="sp-text-none"><a href="#" class="sp-series-add" data-snum="{num}"><i class="fa fa-plus position-left"></i>Добавить серию</a></div>';

if ( $mod == "editnews" ) {
	$episodes = [];
	$q = $db->query("SELECT * FROM `" . PREFIX . "_sp_episodes` WHERE `news_id` = '{$id}' ORDER BY `season_num`, `episode_num` ASC");

	while ($episode = $db->get_row($q)) {
		if ( !isset($episodes[$episode['season_num']]) ) {
			$episodes[$episode['season_num']] = [];
		}

		$episodes[$episode['season_num']][$episode['episode_num']] = $episode;
	}

	$list_buffer = '';
	$q = $db->query("SELECT * FROM `" . PREFIX . "_sp_seasons` WHERE `news_id` = '{$id}' ORDER BY `season_num` ASC");

	while ($season = $db->get_row($q)) {
		$buffer = '';

		if ( isset($episodes[$season['season_num']]) ) {
			foreach ($episodes[$season['season_num']] as $episode_num => $episode) {
				$fields = get_fields_box('episode', $season['season_num'], $episode_num, $episode['fields']);

				$buffer .= str_replace([
					'{snum}', '{num}', '{metatitle}', '{description}', '{keywords}', '{fields}'
				], [
					$season['season_num'], $episode_num, stripslashes($episode['metatitle']), stripslashes($episode['description']), stripslashes($episode['keywords']), $fields
				], $episode_item);
			}
		}

		if ( empty($buffer) ) {
			$buffer = $text_season;
		}

		$fields = get_fields_box('season', $season['season_num'], false, $season['fields']);

		$list_buffer .= str_replace([
			'{num}', '{metatitle}', '{description}', '{keywords}', '{list}', '{fields}'
		], [
			$season['season_num'], stripslashes($season['metatitle']), stripslashes($season['description']), stripslashes($season['keywords']), $buffer, $fields
		], $season_item);
	}

	if ( !empty($list_buffer) ) {
		$list = $list_buffer;
	}
}

$start_box = str_replace('{list}', $list, $start_box);

$season_item = str_replace('{list}', $text_season, $season_item);

$season_item = str_replace(['{metatitle}', '{description}', '{keywords}'], '', $season_item);
$episode_item = str_replace(['{metatitle}', '{description}', '{keywords}'], '', $episode_item);

$season_item = str_replace('{fields}', get_fields_box('season'), $season_item);
$episode_item = str_replace('{fields}', get_fields_box('episode'), $episode_item);

echo <<<HTML
<script type="text/javascript">
$(document).ready(function() {
	let panel = $('.panel');
	let tpl = {
		start_box: `{$start_box}`,
		season_item: `{$season_item}`,
		episode_item: `{$episode_item}`
	};

	panel.find('.nav').append('<li id="tab-seriespages"><a href="#seriespages" data-toggle="tab" class="legitRipple"><i class="fa fa-bars icon-list position-left"></i> Сезоны/серии</a></li>');
	panel.find('.tab-content > .tab-pane:last').after('<div class="tab-pane" id="seriespages"><div class="panel-body"></div></div>');

	$('#tab-seriespages').on('click', function(e) {
		if ( $(this).is('.sp-loaded') ) return;

		let tab = panel.find('.tab-pane#seriespages .panel-body');

		tab.html(tpl.start_box);

		sp_uploader_start();

		$('.sp-seasons').find('> .sp-item:last > .sp-head').trigger('click');
		$('.sp-seasons').find('> .sp-item:last .sp-series > .sp-item:last > .sp-head').trigger('click');

		$(this).addClass('sp-loaded');
	});

	$(document).on('click', '.sp-head-item', function(e) {
		let item = $(this).closest('.sp-item');
		let btn = $(this).find('> .sp-head-switch');
		let flag = item.is('.st-item-switched');

		item.parent().find('> .sp-item').removeClass('sp-item-switched');

		if ( flag ) {
			item.toggleClass('sp-item-switched');
		} else {
			item.addClass('sp-item-switched');
		}
	});

	$(document).on('click', '.sp-item-tabs > li', function(e) {
		let tabs = $(this).closest('.sp-item-tabs');
		let wrap = $(this).closest('.sp-item-tabs-wrap');

		wrap.find('> .sp-item-tabs-box').removeClass('visible');
		tabs.find('li').removeClass('active');

		$(this).addClass('active');
		wrap.find('> .sp-item-tabs-box').eq($(this).index()).addClass('visible');
	});

	$(document).on('click', '.sp-season-add', function(e) {
		$('.sp-seasons > .sp-text-none').remove();
		$('.sp-seasons').append(tpl.season_item.replace(/\{num\}/g, $('.sp-seasons > .sp-item').length+1));
		$('.sp-seasons').find('> .sp-item:last > .sp-head').trigger('click');

		sp_uploader_start();

		return false;
	});

	$(document).on('click', '.sp-series-add', function(e) {
		let snum = $(this).data('snum');
		let season = $(this).closest('.sp-item');
		let series = season.find('.sp-series');

		season.find('> .sp-head').trigger('click');
		season.find('> .sp-item-content > .sp-item-tabs > li:eq(0)').trigger('click');

		series.find('> .sp-text-none').remove();
		series.append(tpl.episode_item.replace(/\{snum\}/g, snum).replace(/\{num\}/g, series.find('.sp-item').length+1));
		series.find('> .sp-item:last > .sp-head-item').trigger('click');

		sp_uploader_start();

		return false;
	});

	$(document).on('click', '.sp-season-remove', function(e) {
		$(this).closest('.sp-item').remove();

		$('.sp-seasons > .sp-item:last-child > .sp-head').trigger('click');

		return false;
	});

	$(document).on('click', '.sp-episode-remove', function(e) {
		let episode = $(this).closest('.sp-item');
		let series = episode.closest('.sp-series');

		episode.remove();
		series.find('.sp-item > .sp-head-item').trigger('click');

		return false;
	});
});

function sp_uploader_start() {
	$('input[type=hidden][class=sp_uploader_start]').each(function() {
		sp_uploader($(this).removeClass('sp_uploader_start').attr('id'));
	});
}

function spimagedelete(fid, value){
	DLEconfirm( 'Вы действительно хотите удалить изображение?', 'Информация', function () {
		ShowLoading('');
		
		$.post('engine/ajax/controller.php?mod=upload', { subaction: 'deluploads', user_hash: dle_login_hash, news_id: '{$news_id}', author: '{$author}', 'images[]' : value }, function(data){
			HideLoading('');
			
			$('#sp_uploadedfile_' + fid).html('');
			$('#' + fid).val('');
			$('#' + fid + '_upload .qq-upload-button, #' + fid + '_upload .qq-upload-button input').removeAttr('disabled');
		});
	});

	return false;
};

function sp_image_box(fid, value, thumb = false) {
	if ( value == '' ) return '';

	let path = value.indexOf('/posts/') != -1 ? value.toString().split('/posts/')[1] : value;
	let name = path.toString().split('/')[1].replace(/^[0-9]{10}_/, '');

	if ( thumb ) path = path.replace('/', '/thumbs/');

	return "<div id=\"" + fid + "_image\" class=\"uploadedfile\" data-id=\"" + path + "\" data-alt=\"" + "\"><div class=\"info\">" + name + "</div><div class=\"uploadimage\"><img style=\"width:auto;height:auto;max-width:100px;max-height:90px;\" src=\"/uploads/posts/" + path +  "\" /></div><div class=\"info\"><!--<a href=\"#\" onclick=\"xfaddalt(\\'" + fid + "\\', \\'" + path + "\\');return false;\">{$lang['xf_img_descr']}</a><br>--><a href=\"#\" onclick=\"spimagedelete(\\'" + fid + "\\', \\'" + path + "\\');return false;\">{$lang['xfield_xfid']}</a></div></div>";
}

function sp_uploader(fid) {
	let field = $('#' + fid);
	let value = field.val();
	var up_image = sp_image_box(fid, value, field.data('thumb') == '1');
	let make_watermark = field.data('make_watermark') ? 1 : 0;
	let make_thumb = field.data('make_thumb') ? 1 : 0;
	let thumb_size = field.data('thumb_size');
	let thumb_seite = field.data('thumb_seite');

	new qq.FileUploader({
		element: document.getElementById(fid + '_upload'),
		action: 'engine/ajax/controller.php?mod=upload',
		maxConnections: 1,
		multiple: false,
		allowdrop: false,
		encoding: 'multipart',
	    sizeLimit: 0,
		allowedExtensions: ['gif', 'jpg', 'jpeg', 'png', 'webp'],
	    params: {subaction: "upload", news_id: "{$news_id}", area: "seriespages", author: "{$author}", user_hash: dle_login_hash, t_size: thumb_size, t_seite: thumb_seite, make_thumb: make_thumb, m_size: 450, m_seite: 0, make_medium: 0, make_watermark: make_watermark},
	    template: '<div class="qq-uploader">' + 
	            '<div id="sp_uploadedfile_' + fid + '" style="min-height: 2px;">' + up_image + '</div>' +
	            '<div class="qq-upload-button btn btn-green bg-teal btn-sm btn-raised" style="width: auto;">{$lang['xfield_xfim']}</div>' +
	            '<ul class="qq-upload-list" style="display:none;"></ul>' + 
	         '</div>',
		onSubmit: function(id, fileName) {
			$('<div id="sp_uploadfile-'+id+'" class="file-box"><span class="qq-upload-file-status">{$lang['media_upload_st6']}</span><span class="qq-upload-file">&nbsp;'+fileName+'</span>&nbsp;<span class="qq-status"><span class="qq-upload-spinner"></span><span class="qq-upload-size"></span></span><div class="progress "><div class="progress-bar progress-blue" style="width: 0%"><span>0%</span></div></div></div>').appendTo('#' + fid + '_upload');
	    },
		onProgress: function(id, fileName, loaded, total){
			$('#sp_uploadfile-'+id+' .qq-upload-size').text(DLEformatSize(loaded)+' {$lang['media_upload_st8']} '+DLEformatSize(total));
			var proc = Math.round(loaded / total * 100);
			$('#sp_uploadfile-'+id+' .progress-bar').css( "width", proc + '%' );
			$('#sp_uploadfile-'+id+' .qq-upload-spinner').css( "display", "inline-block");
		},
		onComplete: function(id, fileName, response){
			if ( response.success ) {
				var returnval = response.flink.toString().split('/posts/')[1];

				$('#sp_uploadfile-'+id+' .qq-status').html('{$lang['media_upload_st9']}');
				$('#sp_uploadedfile_' + fid).html( sp_image_box(fid, returnval, response.link ? true : false) );
				$('#' + fid).val(returnval);

				$('#' + fid + '_upload .qq-upload-button, #' + fid + '_upload .qq-upload-button input').attr("disabled","disabled");
				
				setTimeout(function() {
					$('#sp_uploadfile-'+id).fadeOut('slow', function() { $(this).remove(); });
				}, 1000);

			} else {
				$('#sp_uploadfile-'+id+' .qq-status').html('{$lang['media_upload_st10']}');

				if( response.error ) $('#sp_uploadfile-'+id+' .qq-status').append( '<br /><span class="text-danger">' + response.error + '</span>' );

				setTimeout(function() {
					$('#sp_uploadfile-'+id).fadeOut('slow');
				}, 4000);
			}
		},
	    messages: {
	        typeError: "{$lang['media_upload_st11']}",
	        sizeError: "{$lang['media_upload_st12']}",
	        emptyError: "{$lang['media_upload_st13']}"
	    },
		debug: false
	});

	if ( value != "" ) {
		$('#'  + fid + '_upload .qq-upload-button, #'  + fid + '_upload .qq-upload-button input').attr("disabled","disabled");
	}
}
</script>

<style type="text/css">
.sp-head {
	
}

.sp-head-main {
	padding: 0px 0px 15px 0px;
}

.sp-head-item {
	cursor: pointer;
	padding: 10px 15px;
}

.sp-head-series {
	border-top: 1px solid #eaeaea;
	padding: 15px 0px 5px 0px;
	margin: 0px 0px 10px 0px;
}

.sp-head-switch {
    display: inline-block;
    font-weight: bold;
    margin: 0px 5px 0px 0px;
}

.sp-head-switch:after {
	content: '+';
	display: inline-block;
}

.sp-item-switched > .sp-head >.sp-head-switch:after {
	content: '-';
	padding: 0px 0px 0px 3px;
}

.sp-head-title {
	font-weight: bold;
	display: inline-block;
}

.sp-head-actions {
	float: right;
}

.sp-item {
    border-top: 1px solid #eaeaea;
    border-left: 1px solid #eaeaea;
    border-right: 1px solid #eaeaea;
}

.sp-item:last-child {
	border-bottom: 1px solid #eaeaea;
	margin: 0px !important;
}

.sp-item-content {
	display: none;
	border-top: 1px solid #eaeaea;
	padding: 15px 15px;
}

.sp-item.sp-item-switched > .sp-head {
	background: #f6f6f6;
}

.sp-item.sp-item-switched > .sp-item-content {
	display: block !important;
}

.sp-item-field {
	display: flex;
	padding: 10px 0px;
	border-bottom: 1px solid #eaeaea;
}

.sp-item-field:last-child {
	border-bottom: 0px;
}

.sp-item-field label {
	width: 200px;
	padding: 6px 0px 0px 0px;
}

.sp-item-field input[type="text"] {

}

.sp-item-field-checkbox label {
	width: auto !important;
}

.sp-item-series {

}

.sp-text-none {
	
}

.sp-item-fields {
	
}

.sp-item-tabs {
	list-style: none;
	margin: 0px;
	padding: 0px;
}

.sp-item-tabs li {
	text-transform: uppercase;
	font-size: 11px;
	display: inline-block;
	margin: 0px 10px 0px 0px;
	cursor: pointer;
	color: #8a8a8a;
}

.sp-item-tabs li.active {
	font-weight: bold;
	color: #000;
}

.sp-item-tabs li:hover {
	color: #000;
}

.sp-item-tabs-box {
	display: none;
}

.sp-item-tabs-box.visible {
	display: block !important;
}

.sp-series {
	padding: 12px 0px 0px 0px;
}

.sp-season-remove, .sp-episode-remove {
	display: none;
}

.sp-item .sp-head .sp-season-remove, .sp-item .sp-head .sp-episode-remove {
	display: inline-block;
}
</style>
HTML;

?>]]></replacecode>
		</operation>
	</file>
	<file name="engine/inc/include/seriespages.save.php">
		<operation action="create">
			<replacecode><![CDATA[<?php

if ( !defined('DATALIFEENGINE') ) {
	header('HTTP/1.1 403 Forbidden');
	header('Location: ../');
	die('Hacking attempt!');
}

if ( !function_exists('fieldscompile') ) {
	function fieldscompile( $in ) {
	    if ( $in == "" ) return $in;

	    foreach ( $in as $name => $value ) {
	        if ( trim($name) == "" || trim($value) == "" ) continue;

	        $name = str_replace( "|", "&#124;", $name );
	        $name = str_replace( "\r\n", "__NEWL__", $name );
	        $value = str_replace( "|", "&#124;", $value );
	        $value = str_replace( "\r\n", "__NEWL__", $value );

	        $out[] = "{$name}|{$value}";
	    }

	    return implode("||", $out);
	}
}

$id = intval($do == "editnews" ? $item_db[0] : $id);
$seriespages = $_POST['seriespages'];
$current_time = time();

if ( !empty($seriespages) && $id > 0 ) {
	$db->query("UPDATE `" . PREFIX . "_sp_seasons` SET `flag` = '1' WHERE `news_id` = '{$id}'");
	$db->query("UPDATE `" . PREFIX . "_sp_episodes` SET `flag` = '1' WHERE `news_id` = '{$id}'");

	foreach ($seriespages as $season_num => $season) {
		$season_num = intval($season_num);

		if ( empty($season['episodes']) && $season_num <= 0 ) continue;

		foreach ($season['episodes'] as $episode_num => $episode) {
			$episode_num = intval($episode_num);

			if ( $episode_num <= 0 ) continue;

			$metatitle = addslashes($episode['metatitle']);
			$description = addslashes($episode['description']);
			$keywords = addslashes($episode['keywords']);

			$fields = fieldscompile($episode['fields']);
			$fields = addslashes($fields);

			$db->query("INSERT INTO `" . PREFIX . "_sp_episodes` (`news_id`, `season_num`, `episode_num`, `metatitle`, `description`, `keywords`, `fields`, `added_at`, `flag`) VALUES ('{$id}', '{$season_num}', '{$episode_num}', '{$metatitle}', '{$description}', '{$keywords}', '{$fields}', '{$current_time}', '0') ON DUPLICATE KEY UPDATE `metatitle` = '{$metatitle}', `description` = '{$description}', `keywords` = '{$keywords}', `fields` = '{$fields}', `flag` = '0'");
		}

		$metatitle = addslashes($season['metatitle']);
		$description = addslashes($season['description']);
		$keywords = addslashes($season['keywords']);

		$fields = fieldscompile($season['fields']);
		$fields = addslashes($fields);

		$db->query("INSERT INTO `" . PREFIX . "_sp_seasons` (`news_id`, `season_num`, `metatitle`, `description`, `keywords`, `fields`, `added_at`, `flag`) VALUES ('{$id}', '{$season_num}', '{$metatitle}', '{$description}', '{$keywords}', '{$fields}', '{$current_time}',  '0') ON DUPLICATE KEY UPDATE `metatitle` = '{$metatitle}', `description` = '{$description}', `keywords` = '{$keywords}', `fields` = '{$fields}', `flag` = '0'");
	}

	$db->query("DELETE FROM `" . PREFIX . "_sp_seasons` WHERE `flag` = '1' AND `news_id` = '{$id}'");
	$db->query("DELETE FROM `" . PREFIX . "_sp_episodes` WHERE `flag` = '1' AND `news_id` = '{$id}'");
}

@unlink(ENGINE_DIR . '/cache/seriespages/series_' . $id);
 
?>]]></replacecode>
		</operation>
	</file>
	<file name="engine/classes/seriespages.class.php">
		<operation action="create">
			<replacecode><![CDATA[<?php

if ( !defined('DATALIFEENGINE') ) {
	header('HTTP/1.1 403 Forbidden');
	header('Location: ../../');
	die('Hacking attempt!');
}

class SeriesPages {
	public $config;
	public $options;

	public $id = 0;

	public $season = 0;
	public $episode = 0;

	public $mode = '';

	private $tpl;
	private $db;

	private $series;
	private $se_list = [];

	function __construct($options, $config, $tpl, $db) {
		$this->options = $this->options_default($options);
		$this->config = $config;

		$this->tpl = $tpl;
		$this->db = $db;

		if ( isset($_GET['season']) ) $this->season = intval($_GET['season']);
		if ( isset($_GET['episode']) ) $this->episode = intval($_GET['episode']);

		$this->mode = ($this->season && $this->episode) ? 'episode' : ($this->season ? 'season' : 'main');
	}

	function run($id) {
		$this->id = intval($id);

		if ( !$this->id ) return false;

		if ( !($this->series = $this->get_cache('series_' . $this->id)) ) {
			$this->series = $this->get_series();
			$this->set_cache('series_' . $this->id, $this->series);
		}

		foreach ($this->series as $season_num => $season) {
			foreach ($season['episodes'] as $episode_num => $episode) {
				$this->se_list[] = $season_num . ' ' . $episode_num;
			}
		}

		$values = [];

		$values['seasons'] = $this->get_box_seasons();

		if ( $this->season ) {
			$values['episodes'] = $this->get_box_episodes();
			$values['season-num'] = $this->season;

			if ( isset($this->series[$this->season]) ) {
				$season = $this->series[$this->season];
			} else {
				$season = [];
			}

			$this->tpl_fields($values, $season['fields'], 'season');
		}

		if ( $this->episode ) {
			$values['episode-num'] = $this->episode;

			if ( isset($this->series[$this->season]['episodes'][$this->episode]) ) {
				$episode = $this->series[$this->season]['episodes'][$this->episode];
			} else {
				$episode = [];
			}

			foreach (['next', 'prev'] as $type) {
				$link = $this->episode_link($type);

				$values['episode-' . $type] = $link['link'];
				$values['episode-' . $type . '-num'] = $link['num'];
				$values['episode-' . $type . '-season'] = $link['season'];
			}

			$this->tpl_fields($values, $episode['fields'], 'episode');
		}

		$this->tpl->copy_template = $this->set_values($this->tpl->copy_template, $values);

		$this->tpl->copy_template = preg_replace_callback("'\\[(not-seriespages|seriespages)=(.*?)\\](.*?)\\[/\\1\\]'is", [$this, 'tpl_mode_callback'], $this->tpl->copy_template);
	}

	function tpl_mode_callback($match) {
		$match[2] = explode('|', $match[2]);

		foreach ($match[2] as $value) {
			if ( $value == $this->mode ) {
				if ( $match[1] == 'seriespages' ) {
					return $match[3];
				} else {
					return '';
				}
			}
		}

		if ( $match[1] == 'not-seriespages' ) {
			return $match[3];
		} else {
			return '';
		}
	}

	function episode_link($type) {
		$res = false;

		$list = $this->se_list;

		reset($list);

		if ( $type == 'prev' ) {
			$list = array_reverse($list);
		}

		while ($key = key($list) !== null) {
		    $value = current($list);
		    $nextValue = next($list);

		    if ( $value == $this->season . ' ' . $this->episode ) {
		    	$res = $nextValue;
		    	break;
		    }
		}

		if ( $res ) {
			$res = explode(' ', $res);
			$res = $this->series[$res[0]]['episodes'][$res[1]];

			$res = ['link' => $this->get_link($res['season_num'], $res['episode_num']), 'num' => $res['episode_num'], 'season' => $res['season_num']];
		} else {
			$res = ['link' => '', 'num' => 0, 'season' => 0];
		}

		return $res;
	}

	function metatags($row) {
		global $metatags, $social_tags;

		$flag = false;
		$descr = false;

		$meta_tags = ['metatitle' => '', 'description' => '', 'keywords' => ''];

		if ( $this->mode == 'main' ) {
			if ( !empty($this->options['metatags'][$this->mode]['metatitle']) && empty($row['metatitle']) ) {
				$meta_tags['metatitle'] = $this->options['metatags'][$this->mode]['metatitle'];
				$flag = true;
			}

			if ( !empty($this->options['metatags'][$this->mode]['description']) && empty($row['descr']) ) {
				$meta_tags['description'] = $this->options['metatags'][$this->mode]['description'];
				$flag = true;
				$descr = true;
			}

			if ( !empty($this->options['metatags'][$this->mode]['metatitle']) && empty($row['keywords']) ) {
				$meta_tags['keywords'] = $this->options['metatags'][$this->mode]['keywords'];
				$flag = true;
			}
		} else {
			$data_page = $this->series[$this->season];
			if ( $this->episode ) $data_page = $data_page['episodes'][$this->episode];

			foreach (['metatitle', 'description', 'keywords'] as $type) {
				if ( !empty($data_page[$type]) ) {
					$meta_tags[$type] = $data_page[$type];
					if ( $type == 'description' ) $descr = true;
				} elseif ( !empty($this->options['metatags'][$this->mode][$type]) ) {
					$meta_tags[$type] = $this->options['metatags'][$this->mode][$type];
					$flag = true;
					if ( $type == 'description' ) $descr = true;
				}
			}
		}

		if ( !empty($meta_tags['metatitle']) ) $metatags['header_title'] = $meta_tags['metatitle'];
		if ( !empty($meta_tags['description']) ) $metatags['description'] = $meta_tags['description'];
		if ( !empty($meta_tags['keywords']) ) $metatags['keywords'] = $meta_tags['keywords'];

		if ( !$flag ) {
			if ( $descr ) $social_tags['description'] = $metatags['description'];
			return;
		}

		$xfields = xfieldsdataload($row['xfields']);

		$find = [];
		$replace = [];

		foreach (xfieldsload() as $field) {
			$value = (!empty($xfields[$field[0]])) ? $xfields[$field[0]] : '';

			$find[] = '[xfvalue_' . $field[0] . ']';
			$replace[] = $value;

			if ( $value ) {
				$find[] = '[xfgiven_' . $field[0] . ']';
				$replace[] = '';

				$find[] = '[/xfgiven_' . $field[0] . ']';
				$replace[] = '';

				$metatags = preg_replace("'\\[xfnotgiven_{$field[0]}\\](.*?)\\[/xfnotgiven_{$field[0]}\\]'is", '', $metatags);
			} else {
				$find[] = '[xfnotgiven_' . $field[0] . ']';
				$replace[] = '';

				$find[] = '[/xfnotgiven_' . $field[0] . ']';
				$replace[] = '';

				$metatags = preg_replace("'\\[xfgiven_{$field[0]}\\](.*?)\\[/xfgiven_{$field[0]}\\]'is", '', $metatags);
			}
		}

		$find[] = '{title}';
		$replace[] = $row['title'];

		$find[] = '{season}';
		$replace[] = $this->season;

		$find[] = '{episode}';
		$replace[] = $this->episode;

		$metatags = str_replace($find, $replace, $metatags);

		if ( $descr ) $social_tags['description'] = $metatags['description'];
	}

	function speedbar() {
		$s_navigation = '';

		if ( $this->season ) {
			$s_navigation .= " {$this->config['speedbar_separator']} <span itemprop=\"itemListElement\" itemscope itemtype=\"https://schema.org/ListItem\"><meta itemprop=\"position\" content=\"{pos1}\"><a href=\"" . $this->get_link() . "\" itemprop=\"item\"><span itemprop=\"name\">{title}</span></a></span>";

			if ( $this->episode ) {
				$s_navigation .= " {$this->config['speedbar_separator']} <span itemprop=\"itemListElement\" itemscope itemtype=\"https://schema.org/ListItem\"><meta itemprop=\"position\" content=\"{pos2}\"><a href=\"" . $this->get_link($this->season) . "\" itemprop=\"item\"><span itemprop=\"name\">{$this->season} сезон</span></a></span> {$this->config['speedbar_separator']} " . $this->episode . ' серия';
			} else {
				$s_navigation .= " {$this->config['speedbar_separator']} " . $this->season . ' сезон';
			}
		}

		return $s_navigation;
	}

	function tpl_fields(&$values, $fields = [], $mode = '', $prefix = '') {
		if ( empty($mode) ) $mode = $this->mode;
		if ( empty($prefix) ) $prefix = $mode;

		foreach ($this->options['fields'][$mode] as $name => $field) {
			switch ($field[3]) {
				case 'image':
					if ( empty($fields[$name]) ) {
						$values[$prefix . '_' . $name] = '';
						break;
					}

					$temp_alt = '';

					$path_parts = @pathinfo($fields[$name]);
		
					if ( $field[12] AND file_exists(ROOT_DIR . "/uploads/posts/" .$path_parts['dirname']."/thumbs/".$path_parts['basename']) ) {
						$thumb_url = $this->config['http_home_url'] . "uploads/posts/" . $path_parts['dirname']."/thumbs/".$path_parts['basename'];
						$img_url = $this->config['http_home_url'] . "uploads/posts/" . $path_parts['dirname']."/".$path_parts['basename'];
					} else {
						$img_url = 	$this->config['http_home_url'] . "uploads/posts/" . $path_parts['dirname']."/".$path_parts['basename'];
						$thumb_url = "";
					}
					
					if ( $thumb_url ) {
						$values[$prefix . '_thumb_url_' . $name] = $thumb_url;
						$values[$prefix . '_' . $name] = "<a href=\"$img_url\" class=\"highslide\" target=\"_blank\"><img class=\"xfieldimage {$value[0]}\" src=\"$thumb_url\" alt=\"{$temp_alt}\"></a>";
					} else {
						$values[$prefix . '_thumb_url_' . $name] = $img_url;
						$values[$prefix . '_' . $name] = "<img class=\"xfieldimage {$value[0]}\" src=\"{$img_url}\" alt=\"{$temp_alt}\">";
					}

					$values[$prefix . '_image_url_' . $name] = $img_url;

					break;
				
				default:
					$values[$prefix . '_' . $name] = (!empty($fields[$name])) ? $fields[$name] : '';
					break;
			}
		}
	}

	function get_box_seasons($num = false) {
		if ( empty($this->series) ) return '';

		$template = file_get_contents(TEMPLATE_DIR . '/seriespages/season_item.tpl');
		$seasons = '';

		foreach ($this->series as $season_num => $season) {
			$values = [
				'season' => $season_num,
				'link' => $this->get_link($season_num),
				'count' => count($season['episodes']),
				'active' => ($this->season == $season_num) ? true : false
			];

			$this->tpl_fields($values, $season['fields'], 'season', 'field');

			$seasons .= $this->set_values($template, $values);
		}

		return $seasons;
	}

	function get_box_episodes() {
		if ( empty($this->series[$this->season]['episodes']) ) return '';

		$template = file_get_contents(TEMPLATE_DIR . '/seriespages/episode_item.tpl');
		$episodes = '';

		foreach ($this->series[$this->season]['episodes'] as $episode_num => $episode) {
			$values = [
				'season' => $this->season,
				'episode' => $episode_num,
				'link' => $this->get_link($this->season, $episode_num),
				'active' => ($this->episode == $episode_num) ? true : false
			];

			$this->tpl_fields($values, $episode['fields'], 'episode', 'field');

			$episodes .= $this->set_values($template, $values);
		}

		$episodes = $this->set_values($episodes, [
			'season' => $this->season, 
			'link-season' => $this->get_link($this->season)
		]);

		return $episodes;
	}

	function get_link($season = 0, $episode = 0) {
		global $full_link;

		$link = str_replace('.html', ($season ? '/' . $season . '-season' . ($episode ? '/' . $episode . '-episode' : '') : '') . '.html', $full_link);

		return $link;
	}

	function set_values($template, $values) {
		foreach ($values as $name => $value) {
			$template = str_replace('{' . $name . '}', $value, $template);

			if ( $value ) {
				$template = str_replace(['[' . $name . ']', '[/' . $name . ']'], '', $template);
				$template = preg_replace("'\\[not-{$name}\\](.*?)\\[/not-{$name}\\]'is", '', $template);
			} else {
				$template = preg_replace("'\\[{$name}\\](.*?)\\[/{$name}\\]'is", '', $template);
				$template = str_replace(['[not-' . $name . ']', '[/not-' . $name . ']'], '', $template);
			}
		}

		return $template;
	}

	function get_series() {
		$series = [];
		$q = $this->db->query("SELECT * FROM `" . PREFIX . "_sp_episodes` WHERE `news_id` = '{$this->id}' ORDER BY `season_num`, `episode_num` ASC");

		while ($episode = $this->db->get_row($q)) {
			if ( !isset($series[$episode['season_num']]) ) {
				$series[$episode['season_num']] = ['episodes' => []];
			}

			$episode['fields'] = xfieldsdataload(stripslashes($episode['fields']));

			$series[$episode['season_num']]['episodes'][$episode['episode_num']] = $episode;
		}

		$q = $this->db->query("SELECT * FROM `" . PREFIX . "_sp_seasons` WHERE `news_id` = '{$this->id}' ORDER BY `season_num` ASC");

		while ($season = $this->db->get_row($q)) {
			$season['fields'] = xfieldsdataload(stripslashes($season['fields']));

			if ( !isset($series[$season['season_num']]) ) $series[$season['season_num']] = ['episodes' => []];

			$series[$season['season_num']] = $series[$season['season_num']] + $season;
		}

		return $series;
	}

	function get_cache($cache_id) {
		$data = @file_get_contents(ROOT_DIR . '/cache/seriespages/' . $cache_id);
		if ( $data !== false ) $data = json_decode($data, true);
		return $data ? $data : false;
	}

	function set_cache($cache_id, $data) {
		if ( !is_dir(ROOT_DIR . '/cache/seriespages') ) {
			@mkdir(ROOT_DIR . '/cache/seriespages', 0777);
			@chmod(ROOT_DIR . '/cache/seriespages', 0777);
		}

		$data = json_encode($data, JSON_UNESCAPED_UNICODE);

		file_put_contents(ROOT_DIR . '/cache/seriespages/' . $cache_id, $data);
	}

	function options_default($options) {
		return $options;
	}
}

?>]]></replacecode>
		</operation>
	</file>
	<file name="engine/inc/seriespages.php">
		<operation action="create">
			<replacecode><![CDATA[<?php 

if ( !defined('DATALIFEENGINE') OR !defined('LOGGED_IN') ) {
	header('HTTP/1.1 403 Forbidden');
	header('Location: ../../');
	die('Hacking attempt!');
}

if ( $member_id['user_group'] != 1  ) {
	if ( $action == "save" && count($_REQUEST['options']) ) die('{"success":false,"message":"Доступ запрещен"}');
		else msg('error', $lang['index_denied'], $lang['index_denied']);
}

function show_select($name, $options, $value = false) {
	foreach ($options as $i => $text) {
		$selected = "";

		if ( is_array($value) ) {
			if ( in_array($i, $value) ) {
				$selected = " selected";
			}
		} elseif ( $i == $value && $value !== false ) $selected = " selected";

		$options[$i] = "<option value=\"{$i}\"{$selected}>{$text}</option>";
	}

	return "<select class=\"uniform\" name=\"{$name}\">" . implode("", $options) . "</select>";
}


function save_con( $filename, $data, $iconv = false, $openfile = false, $prefix = "" ) {
	if( !$openfile ) {
		$handler = fopen( $filename, "w" );
		fwrite( $handler, "<?php\n\n\$seriespages_cfg = [\n" );
	} else $handler = $openfile;

	foreach ( $data as $name => $value ) {
		$name = addcslashes( $name, "'" );
		if( $iconv ) $name = iconv( 'utf-8', 'cp1251', $name );

		if ( is_array( $value ) ) {
			fwrite( $handler, $prefix . "\t'{$name}' => [\n" );
			save_con( $filename, $value, $iconv, $handler, $prefix . "\t" );
			fwrite( $handler, $prefix . "\t],\n" );
		} else {
			$value = addcslashes( $value, "'" );
			if( $iconv ) $value = iconv( 'utf-8', 'cp1251', $value );
			
			fwrite( $handler, $prefix . "\t'{$name}' => '{$value}',\n" );
		}
	}

	if ( !$openfile ) {
		fwrite( $handler, "];\n\n?>" );
		fclose( $handler );
	}
}

$title = 'Series Pages';
$descr = 'Сезоны/серии';

include ENGINE_DIR . '/data/seriespages.php';

if ( !is_array($seriespages_cfg) ) $seriespages_cfg = [];

switch ($action) {
	case '':
		$breadcrumbs = $descr;

		$content = <<<HTML
<div class="panel panel-default">
	<div class="panel-heading">
		Список разделов
	</div>

	<div class="list-bordered">
		<div class="row box-section">	  
			<div class="col-sm-6 media-list media-list-linked">
				<a class="media-link" href="?mod={$mod}&action=options">
					<div class="media-left">
						<img src="engine/skins/images/tools.png" class="img-lg section_icon">
					</div>

					<div class="media-body">
						<h6 class="media-heading  text-semibold">Параметры</h6>
						<span class="text-muted text-size-small">Основные настройки модуля</span>
					</div>
				</a>
			</div>	

			<div class="col-sm-6 media-list media-list-linked">
				<a class="media-link" href="?mod={$mod}&action=fields">
					<div class="media-left">
						<img src="engine/skins/images/xfset.png" class="img-lg section_icon">
					</div>

					<div class="media-body">
						<h6 class="media-heading  text-semibold">Поля</h6>
						<span class="text-muted text-size-small">Список полей для сезонов и серий</span>
					</div>
				</a>
			</div>	
		</div>
	</div>
</div>
HTML;
		
		break;

	case 'options':
		$breadcrumbs = ['?mod=' . $mod => $descr, '' => 'Параметры'];

		$if_status = (intval($seriespages_cfg['status']) > 0) ? ' checked' : '';

		$content = <<<HTML
<form id="seriespages" onsubmit="save_config();return false">
	<div class="panel panel-default">
		<div class="panel-heading">
			Параметры
		</div>

    	<div class="table-responsive">
		    <table class="table table-striped options-list">
		        <tbody>
			        <!-- <tr>
		                <td class="col-xs-6 col-sm-6 col-md-7">
		                    <h6 class="media-heading text-semibold">Включить модуль <span class="text-danger">*</span></h6>
		                    <span class="text-muted text-size-small hidden-xs">Настройка позволяет регулировать работу модуля.</i></span>
		                </td>
		                
		                <td class="col-xs-6 col-sm-6 col-md-5">
			                <input type="checkbox" class="icheck" name="options[status]" value="1"{$if_status}>
		                </td>
		            </tr>

		        	<tr>
		                <td class="col-xs-6 col-sm-6 col-md-7">
		                    <h6 class="media-heading text-semibold">Ключ активации <span class="text-danger">*</span></h6>
		                    <span class="text-muted text-size-small hidden-xs">Укажите ключ активации модуля, который получили при покупке модуля. <br><i>Примечание: каждый ключ привязан к определенному домену, т.е. ключ для домена yousite.com не будет работать на сайте mysite.ru.</i></span>
		                </td>
		                
		                <td class="col-xs-6 col-sm-6 col-md-5">
		                    <input type="text" class="form-control" name="options[key]" value="{$seriespages_cfg['key']}">
		                </td>
		            </tr> -->

		            <!-- метатеги новостей -->
		            <tr>
		                <td colspan="2" style="padding-top: 50px;border-bottom: 2px solid #1976d2;">
		                    <h5 class="media-heading text-semibold">Метатеги страниц новостей</h5>
		                    <span class="text-muted text-size-small hidden-xs">Укажите формат метатегов для страниц новостей, которые будут использоваться по умолчанию.</span>
		                </td>
		            </tr>

		            <tr>
		                <td class="col-xs-6 col-sm-6 col-md-7">
		                    <h6 class="media-heading text-semibold">Метатег title</h6>
		                    <span class="text-muted text-size-small hidden-xs">Укажите формат метатега title для страниц новостей, который будет использоваться по умолчанию.</span>
		                </td>
		                
		                <td class="col-xs-6 col-sm-6 col-md-5">
		                    <input type="text" class="form-control" name="options[metatags][main][metatitle]" value="{$seriespages_cfg['metatags']['main']['metatitle']}">
		                </td>
		            </tr>

		            <tr>
		                <td class="col-xs-6 col-sm-6 col-md-7">
		                    <h6 class="media-heading text-semibold">Метатег description</h6>
		                    <span class="text-muted text-size-small hidden-xs">Укажите формат метатега title для страниц новостей, который будет использоваться по умолчанию.</span>
		                </td>
		                
		                <td class="col-xs-6 col-sm-6 col-md-5">
		                    <input type="text" class="form-control" name="options[metatags][main][description]" value="{$seriespages_cfg['metatags']['main']['description']}">
		                </td>
		            </tr>

		            <tr>
		                <td class="col-xs-6 col-sm-6 col-md-7">
		                    <h6 class="media-heading text-semibold">Метатег keywords</h6>
		                    <span class="text-muted text-size-small hidden-xs">Укажите формат метатега title для страниц новостей, который будет использоваться по умолчанию.</span>
		                </td>
		                
		                <td class="col-xs-6 col-sm-6 col-md-5">
		                    <input type="text" class="form-control" name="options[metatags][main][keywords]" value="{$seriespages_cfg['metatags']['main']['keywords']}">
		                </td>
		            </tr>

		            <!-- метатеги сезонов -->
		            <tr>
		                <td colspan="2" style="padding-top: 50px;border-bottom: 2px solid #1976d2;">
		                    <h5 class="media-heading text-semibold">Метатеги страниц сезонов</h5>
		                    <span class="text-muted text-size-small hidden-xs">Укажите формат метатегов для страниц сезонов, которые будут использоваться по умолчанию.</span>
		                </td>
		            </tr>

		            <tr>
		                <td class="col-xs-6 col-sm-6 col-md-7">
		                    <h6 class="media-heading text-semibold">Метатег title</h6>
		                    <span class="text-muted text-size-small hidden-xs">Укажите формат метатега title для страниц сезонов, который будет использоваться по умолчанию.</span>
		                </td>
		                
		                <td class="col-xs-6 col-sm-6 col-md-5">
		                    <input type="text" class="form-control" name="options[metatags][season][metatitle]" value="{$seriespages_cfg['metatags']['season']['metatitle']}">
		                </td>
		            </tr>

		            <tr>
		                <td class="col-xs-6 col-sm-6 col-md-7">
		                    <h6 class="media-heading text-semibold">Метатег description</h6>
		                    <span class="text-muted text-size-small hidden-xs">Укажите формат метатега title для страниц сезонов, который будет использоваться по умолчанию.</span>
		                </td>
		                
		                <td class="col-xs-6 col-sm-6 col-md-5">
		                    <input type="text" class="form-control" name="options[metatags][season][description]" value="{$seriespages_cfg['metatags']['season']['description']}">
		                </td>
		            </tr>

		            <tr>
		                <td class="col-xs-6 col-sm-6 col-md-7">
		                    <h6 class="media-heading text-semibold">Метатег keywords</h6>
		                    <span class="text-muted text-size-small hidden-xs">Укажите формат метатега title для страниц сезонов, который будет использоваться по умолчанию.</span>
		                </td>
		                
		                <td class="col-xs-6 col-sm-6 col-md-5">
		                    <input type="text" class="form-control" name="options[metatags][season][keywords]" value="{$seriespages_cfg['metatags']['season']['keywords']}">
		                </td>
		            </tr>

		            <!-- метатеги серий -->
		            <tr>
		                <td colspan="2" style="padding-top: 50px;border-bottom: 2px solid #1976d2;">
		                    <h5 class="media-heading text-semibold">Метатеги страниц серий</h5>
		                    <span class="text-muted text-size-small hidden-xs">Укажите формат метатегов для страниц серий, которые будут использоваться по умолчанию.</span>
		                </td>
		            </tr>

		            <tr>
		                <td class="col-xs-6 col-sm-6 col-md-7">
		                    <h6 class="media-heading text-semibold">Метатег title</h6>
		                    <span class="text-muted text-size-small hidden-xs">Укажите формат метатега title для страниц серий, который будет использоваться по умолчанию.</span>
		                </td>
		                
		                <td class="col-xs-6 col-sm-6 col-md-5">
		                    <input type="text" class="form-control" name="options[metatags][episode][metatitle]" value="{$seriespages_cfg['metatags']['episode']['metatitle']}">
		                </td>
		            </tr>

		            <tr>
		                <td class="col-xs-6 col-sm-6 col-md-7">
		                    <h6 class="media-heading text-semibold">Метатег description</h6>
		                    <span class="text-muted text-size-small hidden-xs">Укажите формат метатега title для страниц серий, который будет использоваться по умолчанию.</span>
		                </td>
		                
		                <td class="col-xs-6 col-sm-6 col-md-5">
		                    <input type="text" class="form-control" name="options[metatags][episode][description]" value="{$seriespages_cfg['metatags']['episode']['description']}">
		                </td>
		            </tr>

		            <tr>
		                <td class="col-xs-6 col-sm-6 col-md-7">
		                    <h6 class="media-heading text-semibold">Метатег keywords</h6>
		                    <span class="text-muted text-size-small hidden-xs">Укажите формат метатега title для страниц серий, который будет использоваться по умолчанию.</span>
		                </td>
		                
		                <td class="col-xs-6 col-sm-6 col-md-5">
		                    <input type="text" class="form-control" name="options[metatags][episode][keywords]" value="{$seriespages_cfg['metatags']['episode']['keywords']}">
		                </td>
		            </tr>
		        </tbody>
		    </table>
		</div>
   
		<div class="panel-footer">
			<div class="pull-left">
				<button type="submit" class="btn bg-primary-600 btn-sm btn-raised position-left legitRipple">Сохранить настройки</button>
				<button type="button" class="btn bg-slate-600 btn-sm btn-raised position-left legitRipple" onclick="location.href = '{$PHP_SELF}?mod={$mod}';return false">Вернуться назад</button>
			</div>
		</div>
	</div>

	<input type="hidden" name="user_hash" value="{$dle_login_hash}">
	<input type="hidden" name="mod" value="{$mod}">
	<input type="hidden" name="action" value="ajax">
	<input type="hidden" name="subaction" value="save_options">
</form>

<script type="text/javascript">
function save_config() {	
	$.post('{$PHP_SELF}', $('#seriespages').serialize(), function(data){ 
		data = JSON.parse(data);

		if ( data.success === true ) {
			Growl.info({
				title: 'Информация',
				text: 'Настройки успешно сохранены'
			});
		} else {
			Growl.error({
				title: 'Информация',
				text: data.message
			});
		}
	});  

	return false;
}
</script>
HTML;

		break;

	case 'fields':
		$breadcrumbs = ['?mod=' . $mod => $descr, '' => 'Поля'];

		$fields = ['season' => '', 'episode' => ''];

		foreach (['season', 'episode'] as $type) {
			if ( empty($seriespages_cfg['fields'][$type]) ) {
				$fields[$type] = '<li class="dd-list-empty" style="padding: 5px 0px;">Полей нет</li>';
				continue;
			}

			foreach ($seriespages_cfg['fields'][$type] as $name => $field) {
				$fields[$type] .= '<li class="dd-item" id="field_' . $type . '_' . $name . '"><div class="dd-handle"></div><div class="dd-content"><b id="x_name" class="s-el">' . $field[0] . '</b><b id="x_cats" class="s-el">Описание: ' . $field[1] . '</b><b id="x_type" class="s-el">' . $field[3] . '</b><b class="s-el">При желании: ' . ($field[5] == 'on' ? 'Да' : 'Нет') . '</b><div style="float:right;"><a href="#" onclick="edit_field(\'' . $name . '\', \'' . $type . '\');return false"><i title="правка" alt="правка" class="fa fa-pencil-square-o position-left"></i></a><a href="#" onclick="del_field(\'' . $name . '\', \'' . $type . '\');return false"><i title="удалить" alt="удалить" class="fa fa-trash-o position-right text-danger"></i></a></div></div></li>';
			}
		}

		$content = <<<HTML
<form id="seriespages" onsubmit="return false">
	<div class="panel panel-default">
		<div class="panel-heading">
			Поля
		</div>

       	<div class="panel-body">
           	<a href="#" onclick="add_field('season');return false" class="pull-right"><i class="fa fa-plus position-left"></i> Добавить поле</a>

           	<h6 class="media-heading text-semibold">Поля для сезонов</h6>

			<div class="dd" id="nestable-season">
				<ol class="dd-list">
					{$fields['season']}
				</ol>
			</div>	
	    </div>

    	<div class="panel-body">
			<a href="#" onclick="add_field('episode');return false" class="pull-right" title="Добавить поле"><i class="fa fa-plus position-left"></i> Добавить поле</a>

        	<h6 class="media-heading text-semibold" style="display: inline-block;">Поля для серий</h6>

			<div class="dd" id="nestable-episode">
				<ol class="dd-list">
					{$fields['episode']}
				</ol>
			</div>	
	    </div>

		<div class="panel-footer">
			<div class="pull-left">
				<button type="button" class="btn bg-slate-600 btn-sm btn-raised position-left legitRipple" onclick="location.href = '{$PHP_SELF}?mod={$mod}';return false">Вернуться назад</button>
			</div>
		</div>
	</div>

	<input type="hidden" name="user_hash" value="{$dle_login_hash}">
	<input type="hidden" name="mod" value="seriespages">
	<input type="hidden" name="action" value="save">
</form>

<div id="form_field" title="Добавить поле" style="display: none">
	<form name="form_field" class="form-horizontal">
		<div class="form-group">
			<label class="control-label col-md-3">Название поля</label>
			<div class="col-md-9">
				<input class="form-control width-200" maxlength="30" type="text" name="field[0]" value="" /><span class="text-muted text-size-small"><i class="fa fa-exclamation-circle position-left position-right"></i>Латинскими буквами</span>
			</div>
		</div>	

		<div class="form-group">
			<label class="control-label col-md-3">Описание поля</label>
			<div class="col-md-9">
				<input class="form-control width-400" maxlength="100" type="text" name="field[1]" value="" />
			</div>
		</div>

		<div class="form-group">
			<label class="control-label col-md-3">Подсказка для поля</label>
			<div class="col-md-9">
				<input class="form-control width-400" maxlength="200" type="text" name="field[18]" value="" placeholder="Введите текст подсказки для заполнения данного поля" />
			</div>
		</div>
			
		<div class="form-group">
			<label class="control-label col-md-3">Тип поля</label>
			<div class="col-md-9">
				<select class="uniform" name="field[3]" id="type" onchange="onTypeChange(this.value);">
					<option value="text" selected>Одна строка</option>
					<option value="textarea">Несколько строк</option>
					<!-- <option value="htmljs">Чистый HTML или JS код</option>
					<option value="select">Список</option> -->
					<option value="image">Загружаемое изображение</option>
					<!-- <option value="imagegalery">Загружаемая галерея изображений</option>
					<option value="file">Загружаемый файл</option>
					<option value="yesorno">Переключатель 'Да' или 'Нет'</option> -->
				</select>
			</div>
		</div>	

		<div class="form-group" id="default_text">
			<label class="control-label col-md-3">Значение по умолчанию</label>
			<div class="col-md-9">
				<input class="form-control width-400" type="text" name="field[4_text]" value="" />
			</div>
		</div>	

		<div class="form-group" id="default_textarea">
			<label class="control-label col-md-3">Значение по умолчанию</label>
			<div class="col-md-9">
				<textarea class="classic" style="width:100%;max-width: 400px;height: 100px;" name="field[4_textarea]"></textarea><div id="default_htmljs" class="text-muted text-size-small">При использовании данного типа дополнительного поля, вы можете добавлять к публикациям любой чистый HTML или JS код. Данный код будет выводиться без фильтрации или изменений на сайте. Будьте внимательны, данное поле позволяет добавлять любой код, поэтому укажите для каких групп пользователей разрешено добавление данного поля. Рекомендуется давать такие права только группе 'Администраторы'.</div>
			</div>
		</div>	

		<div class="form-group" id="select_options">
			<label class="control-label col-md-3">Значение по умолчанию</label>
			<div class="col-md-9">
				<textarea class="classic" style="width:100%;max-width: 400px; height: 100px;" name="field[4_select]"></textarea><div class="text-muted text-size-small">На одной строке одно значение. Вы можете использовать разные значения для вывода текста в самом списке при добавлении значения поля и при выводе этого значения на сайте. Для этого нужно использовать разделитель '|', например Yes|Да. При добавлении, пользователю для выбора будет указан пункт Да, а на сайте будет выведено значение поля как Yes</div>
			</div>
		</div>

		<div id="default_image">
			<!-- <div class="form-group">
				<label class="control-label col-md-3">Минимальные размеры изображения для загрузки</label>
				<div class="col-md-9">
					<input class="form-control text-center" style="width:100%;max-width: 100px;" type="text" name="field[22]" value="" /><i class="help-button visible-lg-inline-block text-primary-600 fa fa-question-circle position-right position-left" data-rel="popover" data-trigger="hover" data-placement="right" data-content="Вы можете задать минимальные размеры по ширине и высоте для изображения которое будет загружено на сервер. Вы можете задать только размер одной стороны, например: 800, либо можете задать размеры сразу двух сторон, например: 800x600. Если вы не хотите устанавливать ограничения, то оставьте поле пустым." ></i>
				</div>
			</div>

			<div class="form-group">
				<label class="control-label col-md-3">Максимальные размеры оригинального изображения</label>
				<div class="col-md-9">
					<input class="form-control text-center" style="width:100%;max-width: 100px;" type="text" name="field[9]" value="" /><i class="help-button visible-lg-inline-block text-primary-600 fa fa-question-circle position-right position-left" data-rel="popover" data-trigger="hover" data-placement="right" data-content="Вы можете задать максимальные размеры по ширине и высоте для изображения которое будет загружено на сервер, размеры данного изображения будут уменьшены до указанных. Вы можете задать только размер одной стороны, например: 800, либо можете задать размеры сразу двух сторон, например: 800x600. Если вы не хотите устанавливать ограничения, то оставьте поле пустым." ></i>
				</div>
			</div>

			<div class="form-group">
				<label class="control-label col-md-3">Максимальный вес изображения</label>
				<div class="col-md-9">
					<input class="form-control text-center" style="width:100%;max-width: 100px;" type="text" name="field[10]" value="" /><i class="help-button visible-lg-inline-block text-primary-600 fa fa-question-circle position-right position-left" data-rel="popover" data-trigger="hover" data-placement="right" data-content="Введите максимально допустимый вес загружаемого изображения в килобайтах. Если не хотите устанавливать ограничения, то можете оставить это поле пустым" ></i>
				</div>
			</div> -->

			<div id="optional5" class="form-group">
				<label class="control-label col-md-3">Количество загружаемых изображений</label>
				<div class="col-md-9">
					<input class="form-control text-center" style="width:100%;max-width: 100px;" type="text" name="field[16]" value="" /><i class="help-button visible-lg-inline-block text-primary-600 fa fa-question-circle position-right position-left" data-rel="popover" data-trigger="hover" data-placement="right" data-content="Укажите максимальное количество загружаемых изображений для данного поля. Если не хотите устанавливать на данное поле ограничений, установите значение: 0" ></i>
				</div>
			</div>

			<div class="form-group">
				<label class="control-label col-md-3"></label>
				<div class="col-md-9">
					<div class="checkbox"><label><input  class="icheck" type="checkbox" name="field[11]" id="editx11" />Наложить водяные знаки</label></div>
				</div>
			</div>

			<div class="form-group">
				<label class="control-label col-md-3"></label>
				<div class="col-md-9">
					<div class="checkbox"><label><input  class="icheck" type="checkbox" name="field[12]" id="editx12" />Создать уменьшенную копию</label></div>
				</div>
			</div>

			<div class="form-group">
				<label class="control-label col-md-3">Размеры уменьшенной копии</label>
				<div class="col-md-9">
					<input class="form-control text-center" style="width:100%;max-width: 100px;" type="text" name="field[13]" value="" /> 

					&nbsp;&nbsp;&nbsp;&nbsp;

					<select class="uniform" name="field[13_seite]">
						<option value="0" selected>По наибольшей стороне</option>
						<option value="1">По ширине</option>
						<option value="2">По высоте</option>
					</select>
				</div>
			</div>	
		</div>

		<div id="default_file">
			<div class="form-group">
				<label class="control-label col-md-3">Расширения файлов, допустимых к загрузке</label>
				<div class="col-md-9">
					<input class="form-control width-350" type="text" name="field[14]" value="" /><i class="help-button visible-lg-inline-block text-primary-600 fa fa-question-circle position-right position-left" data-rel="popover" data-trigger="hover" data-placement="right" data-content="Укажите расширения файлов, допустимых к загрузке для данного поля. Расширения указываются через запятую, без точки, например zip,doc,rar" ></i>
				</div>
			</div>

			<div class="form-group">
				<label class="control-label col-md-3">Максимальный размер файла допустимый к загрузке на сервер (в килобайтах)</label>
				<div class="col-md-9">
					<input class="form-control text-center" style="width:100%;max-width: 100px;" type="text" name="field[15]" value="" /><i class="help-button visible-lg-inline-block text-primary-600 fa fa-question-circle position-right position-left" data-rel="popover" data-trigger="hover" data-placement="right" data-content="Введите максимальный размер файлов которые допустимо загружать на сервер. Данный размер указывается в килобайтах, например для ограничения размера файла в 2 мегабайта, в настройках указывается 2048. Если вы хотите снять ограничение, то укажите в настройках 0." ></i>
				</div>
			</div>
		</div>

		<div id="optional6" class="form-group">
			<label class="control-label col-md-3">Значение по умолчанию</label>
			<div class="col-md-9">
				<select class="uniform" name="field[17]">
					<option value="0" selected>Выключено</option>
					<option value="1">Включено</option>
				</select>
			</div>
		</div>

		<div class="form-group" style="margin-top: 10px;">
			<label class="control-label col-md-3"></label>
			<div class="col-md-9">
				<div id="optional">
					<div class="checkbox"><label><input class="icheck" type="checkbox" name="field[5]" id="editxfive" />Использовать при желании (можно оставить поле пуcтым)</label></div>
				</div>

				<div id="optional4">
					<div class="checkbox display-inline-block"><label><input  class="icheck" type="checkbox" name="field[8]" id="editx8" />Безопасный режим поля (отключить поддержку BB тегов и HTML)</label></div><i class="help-button visible-lg-inline-block text-primary-600 fa fa-question-circle position-right position-left" data-rel="popover" data-trigger="hover" data-placement="right" data-content="При включении безопасного режима для доп. поля, в нем будет отключена поддержка HTML и BB тегов. Включение данного режима например обязательно, если вы используете вывод значений поля в HTML атрибутах." ></i>
				</div>

				<div id="optional3">
					<div class="checkbox"><label><input  class="icheck" type="checkbox" name="field[7]" id="editx7" />Подключать редактор при добавлении или редактировании публикаций для данного поля</label></div>
				</div>

				<div id="optional2">
					<div class="checkbox display-inline-block"><label><input class="icheck" type="checkbox" name="field[6]" id="editxsixt" />Использовать значения полей как перекрестные гиперссылки</label></div><i class="help-button visible-lg-inline-block text-primary-600 fa fa-question-circle position-right position-left" data-rel="popover" data-trigger="hover" data-placement="right" data-content="В данном случае значения доп. полей будут выводится в виде ссылок на показ других публикаций, которые имеют такие же значения. Допускается также перечисление значений через запятую, при этом каждое слово будет иметь отдельную ссылку. Например, при помощи данной возможности вы можете организовывать новости по определенному соответствующему типу." ></i>
				</div>
			</div>
		</div>		
			 
		<div id="optional7" class="form-group">
			<label class="control-label col-md-3">Разделитель для списка перекрестных ссылок</label>
			<div class="col-md-9">
				<input class="form-control width-300" type="text" name="field[21]" value="" /><i class="help-button visible-lg-inline-block text-primary-600 fa fa-question-circle position-right position-left" data-rel="popover" data-trigger="hover" data-placement="right" data-content="Если значения поля используются как перекрестные ссылки, то вы можете указать разделитель, который будет использоваться между словами в списке между ссылками при выводе публикаций. Допускается использование также HTML кода. Если оставить данную настройку пустой, будет использоваться запятая" ></i>
			</div>
		</div>	
	</form>
</div>

<script type="text/javascript">
function ShowOrHideEx(id, show) {
	var item = null;

	if (document.getElementById) {
		item = document.getElementById(id);
	} else if (document.all) {
		item = document.all[id];
	} else if (document.layers){
		item = document.layers[id];
	}

	if (item && item.style) {
		item.style.display = show ? "" : "none";
	}
}

function onTypeChange(value) {
    ShowOrHideEx("default_text", value == "text");
    ShowOrHideEx("optional2", value == "text" || value == "select");
    ShowOrHideEx("optional7", value == "text" || value == "select");
    ShowOrHideEx("default_textarea", value == "textarea" || value == "htmljs");
    ShowOrHideEx("optional3", value == "textarea");
    ShowOrHideEx("optional4", value == "text" || value == "textarea");
    ShowOrHideEx("select_options", value == "select");
    ShowOrHideEx("optional", value != "select" && value != "yesorno");
    ShowOrHideEx("default_image", value == "image" || value == "imagegalery");
	ShowOrHideEx("optional5", value == "imagegalery");
	ShowOrHideEx("optional6", value == "yesorno");
	ShowOrHideEx("default_file", value == "file");
	ShowOrHideEx("default_htmljs", value == "htmljs");
}

function show_form(bnt_text, btn_callback) {
	var b = {};

	b['Отмена'] = function() { 
		$(this).dialog('close');	
	};

	b[bnt_text] = btn_callback;

	$('#form_field').dialog({
		width: '800px',
		height: $(document).height() - 200,
		buttons: b
	});
}

function add_field(type) {
	$('form[name=form_field]')[0].reset();

	$('form[name=form_field] select').trigger('change');

	$('form[name=form_field] input[name="field\\[0\\]"]').prop('readonly', false);

	$.uniform.update();

	var item_type = document.getElementById("type");
	var item_category = document.getElementById("category");

	if (item_type) {
		onTypeChange(item_type.value);
	}

	show_form('Добавить', function() { 
		var data = $('form[name=form_field]').serialize();

		$(this).dialog('close');

		ShowLoading('');

		$.ajax({
			url: '?mod={$mod}&action=ajax&subaction=add_field&type=' + type,
			data: data,
			dataType: 'JSON',
			type: 'POST',
			success: function(result) {
				if ( result.success !== true ) {
					DLEalert(result.message, 'Добавление поля');
					return false;
				}

				$('#nestable-' + type + ' > ol> li.dd-list-empty').remove();
				$('#nestable-' + type + ' > ol').append(result.response);

				Growl.info({
					title: 'Информация',
					text: 'Поле успешно добавлено'
				});
			},
			error: function() {
				DLEalert('Произошла неизвестная ошибка', 'Произошла ошибка');
			},
			complete: function() {
				HideLoading();
			}
		});
	});

	return false;
}

function edit_field(name, type) {
	ShowLoading('');

	$.ajax({
		url: '{$PHP_SELF}',
		data: {mod: '{$mod}', action: 'ajax', subaction: 'edit_field', name: name, type: type},
		type: 'POST',
		dataType: 'JSON',
		success: function(result) {
			if ( result.success !== true ) {
				DLEalert(result.message, 'Редактирование поля');
				return false;
			}

			$('form[name=form_field]')[0].reset();

			$.each(result.response, function(name, value) {
				if ( name == 3 || name == 17 || name == '13_seite' ) {
					$('form[name=form_field] select[name="field\\[' + name + '\\]"]').val(value);
				} else {
					let input = $('form[name=form_field] input[name="field\\[' + name + '\\]"]');

					if ( input.is('[type=checkbox]') ) {
						if ( input.val() == value ) {
							input.prop('checked', true);
						} else {
							input.prop('checked', false);
						}

						input.trigger('change');
					} else {
						input.val(value).trigger('change');
					}
				}
			});

			$('form[name=form_field] input[name="field\\[0\\]"]').prop('readonly', true);

			$('form[name=form_field] select').trigger('change');

			$.uniform.update();

			var item_type = document.getElementById("type");
			var item_category = document.getElementById("category");

			if (item_type) {
				onTypeChange(item_type.value);
			}

			show_form('Сохранить', function() { 
				var data = $('form[name=form_field]').serializeArray();

				$(this).dialog('close');

				ShowLoading('');

				$.ajax({
					url: '?mod={$mod}&action=ajax&subaction=save_field&name=' + name + '&type=' + type,
					data: data,
					dataType: 'JSON',
					type: 'POST',
					success: function(result) {
						if ( result.success !== true ) {
							DLEalert(result.message, 'Редактирование поля');
							return false;
						}

						$('#field_' + type + '_' + name).replaceWith(result.response);

						Growl.info({
							title: 'Информация',
							text: 'Поле успешно изменено'
						});
					},
					error: function() {
						DLEalert('Произошла неизвестная ошибка', 'Произошла ошибка');
					},
					complete: function() {
						HideLoading();
					}
				});
			});
		},
		error: function() {
			DLEalert('Произошла неизвестная ошибка', 'Произошла ошибка');
		},
		complete: function() {
			HideLoading();
		}
	});
}

function del_field(name, type) {
	DLEconfirm('Вы действительно хотите удалить поле "' + name + '"?', 'Удалить поле', function() {
		ShowLoading('');

		$.ajax({
			url: '{$PHP_SELF}',
			data: {mod: '{$mod}', action: 'ajax', subaction: 'del_field', name: name, type: type},
			type: 'POST',
			dataType: 'JSON',
			success: function(result) {
				if ( result.success !== true ) {
					DLEalert(result.message, 'Добавление поля');
					return false;
				}

				$('#field_' + type + '_' + name).remove();

				if ( $('#nestable-' + type + ' > ol > li').length == 0 ) {
					$('#nestable-' + type + ' > ol').append('<li class="dd-list-empty" style="padding: 5px 0px;">Полей нет</li>');
				}

				Growl.info({
					title: 'Информация',
					text: 'Поле успешно удалено'
				});
			},
			error: function() {
				DLEalert('Произошла неизвестная ошибка', 'Произошла ошибка');
			},
			complete: function() {
				HideLoading();
			}
		});
	});

	return false;
}
</script>
HTML;

		break;

	case 'ajax':
		$subaction = (!empty($_REQUEST['subaction'])) ? $_REQUEST['subaction'] : '';

		switch ($subaction) {
			case 'save_options':
				if ( empty($_POST['options']) ) {
					die('{"success":false,"message":"Произошла ошибка."}');
				}

				$options = $_POST['options'];
				$options['fields'] = $seriespages_cfg['fields'];

				save_con(ENGINE_DIR . '/data/seriespages.php', $options, false);

				die(json_encode(['success' => true, 'response' => '']));

			case 'add_field': case 'save_field':
				if ( empty($_REQUEST['field']) ) {
					die('{"success":false,"message":"Произошла ошибка"}');
				}

				$type = (!empty($_REQUEST['type'])) ? $_REQUEST['type'] : '';

				if ( $type != 'season' && $type != 'episode' ) {
					die('{"success":false,"message":"Произошла ошибка"}');
				}

				$field = $_REQUEST['field'];

				if ( empty($field[0]) ) {
					die('{"success":false,"message":"Укажите имя поля"}');
				}

				$field[0] = totranslit($field[0], true, false);

				if ( empty($field[0]) ) {
					die('{"success":false,"message":"Укажите имя поля"}');
				}

				if ( empty($field[1]) ) {
					die('{"success":false,"message":"Укажите описание поля"}');
				}

				if ( $subaction == 'add_field' ) {
					if ( isset($seriespages_cfg['fields'][$type][$field[0]]) ) {
						die('{"success":false,"message":"Поле с таким названием уже существует"}');
					}

					if ( !isset($seriespages_cfg['fields']) ) {
					 	$seriespages_cfg['fields'] = ['season' => [], 'episode' => []];
					}
				} else {
					if ( !isset($seriespages_cfg['fields'][$type][$field[0]]) ) {
						die('{"success":false,"message":"Поле с таким названием не существует"}');
					}
				}

				$seriespages_cfg['fields'][$type][$field[0]] = $field;

				save_con(ENGINE_DIR . '/data/seriespages.php', $seriespages_cfg, false);

				$response = '<li class="dd-item" id="field_' . $type . '_' . $field[0] . '"><div class="dd-handle"></div><div class="dd-content"><b id="x_name" class="s-el">' . $field[0] . '</b><b id="x_cats" class="s-el">Описание: ' . $field[1] . '</b><b id="x_type" class="s-el">' . $field[3] . '</b><b class="s-el">При желании: ' . ($field[5] == 'on' ? 'Да' : 'Нет') . '</b><div style="float:right;"><a href="#" onclick="edit_field(\'' . $field[0] . '\', \'' . $type . '\');return false"><i title="правка" alt="правка" class="fa fa-pencil-square-o position-left"></i></a><a href="#" onclick="del_field(\'' . $field[0] . '\', \'' . $type . '\');return false"><i title="удалить" alt="удалить" class="fa fa-trash-o position-right text-danger"></i></a></div></div></li>';

				die(json_encode(['success' => true, 'response' => $response]));

			case 'del_field':
				$name = (!empty($_REQUEST['name'])) ? $_REQUEST['name'] : '';
				$type = (!empty($_REQUEST['type'])) ? $_REQUEST['type'] : '';

				if ( empty($name) || ($type != 'season' && $type != 'episode') ) {
					die('{"success":false,"message":"Произошла ошибка"}');
				}

				if ( !isset($seriespages_cfg['fields'][$type][$name]) ) {
					die('{"success":false,"message":"Произошла ошибка. Поле не существует."}');
				}

				unset($seriespages_cfg['fields'][$type][$name]);

				save_con(ENGINE_DIR . '/data/seriespages.php', $seriespages_cfg, false);

				die(json_encode(['success' => true, 'response' => '']));

			case 'edit_field':
				$name = (!empty($_REQUEST['name'])) ? $_REQUEST['name'] : '';
				$type = (!empty($_REQUEST['type'])) ? $_REQUEST['type'] : '';

				if ( empty($name) || ($type != 'season' && $type != 'episode') ) {
					die('{"success":false,"message":"Произошла ошибка"}');
				}

				if ( !isset($seriespages_cfg['fields'][$type][$name]) ) {
					die('{"success":false,"message":"Произошла ошибка. Поле не существует."}');
				}

				die(json_encode(['success' => true, 'response' => $seriespages_cfg['fields'][$type][$name]]));
			
			default:
				die('{"success":false,"message":"Произошла ошибка"}');
		}

		die('');
	
	default:
		msg ( "error", $lang['index_denied'], $lang['mod_not_found'] );
		
		break;
}

echoheader('<i class="fa fa-bars icon-list position-left"></i><span class="text-semibold">' . $title . '</span>', $breadcrumbs);

echo $content;

echofooter();

?>]]></replacecode>
		</operation>
	</file>
	<file name="engine/modules/seriespages.php">
		<operation action="create">
			<replacecode><![CDATA[<?php

if ( !defined('DATALIFEENGINE') ) {
	header('HTTP/1.1 403 Forbidden');
	header('Location: ../../');
	die('Hacking attempt!');
}

$action = (!empty($action)) ? $action : '';
if ( $action != 'seasons' && $action != 'episodes' ) return;

$limit = (!empty($limit)) ? intval($limit) : 20;
if ( $limit < 1 || $limit > 1000 ) $limit = 20;

$cache = (!empty($cache)) ? $cache == 'yes' : true;

if ( $cache ) {
	if ( $result = dle_cache('seriespages_' . $action) ) {
		echo $result;
		return;
	}
}

$block_tpl = file_get_contents(TEMPLATE_DIR . '/seriespages/block_' . $action . '.tpl');
$item_tpl = file_get_contents(TEMPLATE_DIR . '/seriespages/block_' . $action . '_item.tpl');

$result = '';

if ( $action == 'seasons' ) {
	$q = $db->query("SELECT t.news_id, t.season_num, t.fields, t.added_at, p.title as post_title, p.category as post_category, p.alt_name as post_alt_name, p.date as post_date, p.xfields as post_xfields FROM `" . PREFIX . "_sp_seasons` t LEFT JOIN `" . PREFIX . "_post` p ON t.news_id = p.id WHERE p.id > 0 ORDER BY t.`added_at` DESC LIMIT 0,{$limit}");

	while ($item = $db->get_row($q)) {
		$item['post_category'] = intval($item[['post_category']]);

		if ( $config['allow_alt_url'] ) {
			if ( $config['seo_type'] == 1 OR $config['seo_type'] == 2  ) {
				if ( $item['post_category'] and $config['seo_type'] == 2 ) $full_link = $config['http_home_url'] . get_url( $item['post_category'] ) . "/" . $item['news_id'] . "-" . $item['post_alt_name'] . ".html";
					else $full_link = $config['http_home_url'] . $item['news_id'] . "-" . $item['post_alt_name'] . ".html";
			} else $full_link = $config['http_home_url'] . date( 'Y/m/d/', strtotime($item['post_date']) ) . $item['post_alt_name'] . ".html";
		} else $full_link = $config['http_home_url'] . "index.php?newsid=" . $item['news_id'];

		$link = str_replace('.html', '/' . $item['season_num'] . '-season.html', $full_link);

		$result .= str_replace([
			'{news-id}', '{season}', '{full-link}', '{link}', '{title}'
		], [
			$item['news_id'], $item['season_num'], $full_link, $link, stripslashes($item['post_title'])
		], $item_tpl);
	}
} else {
	$q = $db->query("SELECT t.news_id, t.season_num, t.episode_num, t.fields, t.added_at, p.title as post_title, p.category as post_category, p.alt_name as post_alt_name, p.date as post_date, p.xfields as post_xfields FROM `" . PREFIX . "_sp_episodes` t LEFT JOIN `" . PREFIX . "_post` p ON t.news_id = p.id WHERE p.id > 0 ORDER BY t.`added_at` DESC LIMIT 0,{$limit}");

	while ($item = $db->get_row($q)) {
		$item['post_category'] = intval($item[['post_category']]);

		if ( $config['allow_alt_url'] ) {
			if ( $config['seo_type'] == 1 OR $config['seo_type'] == 2  ) {
				if ( $item['post_category'] and $config['seo_type'] == 2 ) $full_link = $config['http_home_url'] . get_url( $item['post_category'] ) . "/" . $item['news_id'] . "-" . $item['post_alt_name'] . ".html";
					else $full_link = $config['http_home_url'] . $item['news_id'] . "-" . $item['post_alt_name'] . ".html";
			} else $full_link = $config['http_home_url'] . date( 'Y/m/d/', strtotime($item['post_date']) ) . $item['post_alt_name'] . ".html";
		} else $full_link = $config['http_home_url'] . "index.php?newsid=" . $item['news_id'];

		$link = str_replace('.html', '/' . $item['season_num'] . '-season/' . $item['episode_num'] . '-episode.html', $full_link);

		$result .= str_replace([
			'{news-id}', '{season}', '{episode}', '{full-link}', '{link}', '{title}'
		], [
			$item['news_id'], $item['season_num'], $item['episode_num'], $full_link, $link, stripslashes($item['post_title'])
		], $item_tpl);
	}
}

$result = str_replace('{list}', $result, $block_tpl);

if ( $cache ) create_cache('seriespages_' . $action, $result);

echo $result;

?>]]></replacecode>
		</operation>
	</file>
</dleplugin>